LDA,2,5,0,0.02 * return + 0.02 * get + 0.02 * user + 0.01 * list + 0.01 * endpoint
LDA,2,5,1,0.02 * use + 0.02 * api + 0.01 * return + 0.01 * request + 0.01 * create
LSA,2,5,0,0.42 * account + 0.38 * true + 0.30 * use + 0.25 * boolean_admin + 0.23 * value
LSA,2,5,1,-0.35 * account + -0.28 * true + -0.24 * boolean_admin + 0.22 * return + 0.21 * field
NMF,2,5,0,0.02 * user + 0.02 * use + 0.01 * request + 0.01 * api + 0.01 * return
NMF,2,5,1,0.04 * account + 0.03 * true + 0.02 * value + 0.02 * use + 0.02 * boolean_admin
LDA,3,5,0,0.02 * return + 0.02 * get + 0.02 * list + 0.01 * user + 0.01 * endpoint
LDA,3,5,1,0.02 * use + 0.02 * api + 0.02 * request + 0.02 * return + 0.01 * type
LDA,3,5,2,0.02 * user + 0.02 * information + 0.02 * create + 0.01 * delete + 0.01 * account
LSA,3,5,0,0.42 * account + 0.38 * true + 0.30 * use + 0.25 * boolean_admin + 0.23 * value
LSA,3,5,1,-0.35 * account + -0.28 * true + -0.24 * boolean_admin + 0.22 * return + 0.21 * field
LSA,3,5,2,-0.60 * value + 0.24 * use + -0.20 * customer + -0.17 * false + 0.17 * request
NMF,3,5,0,0.04 * field + 0.03 * name + 0.02 * key + 0.02 * node + 0.02 * value
NMF,3,5,1,0.03 * use + 0.03 * return + 0.02 * api + 0.01 * request + 0.01 * parameter
NMF,3,5,2,0.05 * account + 0.04 * true + 0.03 * user + 0.03 * boolean_admin + 0.02 * use
LDA,4,5,0,0.02 * return + 0.02 * route + 0.01 * get + 0.01 * email + 0.01 * endpoint
LDA,4,5,1,0.02 * api + 0.02 * request + 0.02 * use + 0.02 * return + 0.02 * type
LDA,4,5,2,0.02 * delete + 0.02 * information + 0.02 * create + 0.02 * email + 0.02 * invoice
LDA,4,5,3,0.02 * return + 0.02 * use + 0.02 * list + 0.02 * user + 0.02 * get
LSA,4,5,0,0.42 * account + 0.38 * true + 0.30 * use + 0.25 * boolean_admin + 0.23 * value
LSA,4,5,1,-0.35 * account + -0.28 * true + -0.24 * boolean_admin + 0.22 * return + 0.21 * field
LSA,4,5,2,-0.60 * value + 0.24 * use + -0.20 * customer + -0.17 * false + 0.17 * request
LSA,4,5,3,-0.50 * field + 0.32 * user + 0.24 * node + 0.23 * return + -0.22 * search
NMF,4,5,0,0.02 * return + 0.01 * request + 0.01 * create + 0.01 * information + 0.01 * api
NMF,4,5,1,0.04 * use + 0.04 * field + 0.03 * parameter + 0.02 * node + 0.02 * name
NMF,4,5,2,0.06 * account + 0.04 * user + 0.03 * true + 0.03 * use + 0.03 * boolean_admin
NMF,4,5,3,0.05 * value + 0.04 * true + 0.02 * account + 0.02 * set + 0.02 * name
LDA,5,5,0,0.02 * email + 0.02 * return + 0.02 * would + 0.02 * -PRON- + 0.02 * get
LDA,5,5,1,0.02 * api + 0.02 * type + 0.02 * return + 0.02 * request + 0.01 * parameter
LDA,5,5,2,0.03 * invoice + 0.02 * route + 0.02 * create + 0.02 * delete + 0.02 * information
LDA,5,5,3,0.02 * list + 0.02 * get + 0.02 * return + 0.02 * use + 0.02 * value
LDA,5,5,4,0.03 * user + 0.03 * use + 0.02 * request + 0.02 * account + 0.02 * file
LSA,5,5,0,0.42 * account + 0.38 * true + 0.30 * use + 0.25 * boolean_admin + 0.23 * value
LSA,5,5,1,0.35 * account + 0.28 * true + 0.24 * boolean_admin + -0.22 * return + -0.21 * field
LSA,5,5,2,-0.60 * value + 0.24 * use + -0.20 * customer + -0.17 * false + 0.17 * request
LSA,5,5,3,0.50 * field + -0.32 * user + -0.24 * node + -0.23 * return + 0.22 * search
LSA,5,5,4,0.34 * user + -0.29 * node + 0.22 * create + 0.22 * email + -0.20 * return
NMF,5,5,0,0.05 * user + 0.04 * value + 0.03 * name + 0.02 * field + 0.02 * list
NMF,5,5,1,0.03 * return + 0.02 * api + 0.02 * use + 0.02 * parameter + 0.02 * application
NMF,5,5,2,0.02 * use + 0.02 * specify + 0.02 * report + 0.02 * information + 0.02 * health
NMF,5,5,3,0.06 * account + 0.05 * true + 0.04 * boolean_admin + 0.03 * use + 0.03 * set
NMF,5,5,4,0.06 * node + 0.03 * request + 0.02 * file + 0.02 * return + 0.02 * contain
LDA,6,5,0,0.02 * return + 0.02 * email + 0.02 * would + 0.02 * -PRON- + 0.02 * get
LDA,6,5,1,0.03 * type + 0.02 * api + 0.02 * return + 0.02 * parameter + 0.02 * request
LDA,6,5,2,0.03 * invoice + 0.02 * information + 0.02 * delete + 0.02 * create + 0.01 * show
LDA,6,5,3,0.03 * get + 0.02 * list + 0.02 * use + 0.02 * user + 0.02 * return
LDA,6,5,4,0.03 * use + 0.02 * user + 0.02 * request + 0.02 * api + 0.02 * key
LDA,6,5,5,0.03 * user + 0.02 * field + 0.02 * value + 0.02 * create + 0.01 * return
LSA,6,5,0,0.42 * account + 0.38 * true + 0.30 * use + 0.25 * boolean_admin + 0.23 * value
LSA,6,5,1,0.35 * account + 0.28 * true + 0.24 * boolean_admin + -0.22 * return + -0.21 * field
LSA,6,5,2,0.60 * value + -0.24 * use + 0.20 * customer + 0.17 * false + -0.17 * request
LSA,6,5,3,-0.50 * field + 0.32 * user + 0.24 * node + 0.23 * return + -0.22 * search
LSA,6,5,4,-0.34 * user + 0.29 * node + -0.22 * create + -0.22 * email + 0.20 * return
LSA,6,5,5,-0.58 * user + 0.25 * create + 0.25 * subscription + 0.24 * file + 0.19 * call
NMF,6,5,0,0.06 * user + 0.04 * group + 0.04 * create + 0.01 * get + 0.01 * would
NMF,6,5,1,0.05 * field + 0.04 * search + 0.03 * name + 0.02 * value + 0.02 * filter
NMF,6,5,2,0.06 * account + 0.06 * true + 0.04 * boolean_admin + 0.02 * envelope + 0.02 * set
NMF,6,5,3,0.04 * return + 0.03 * request + 0.02 * file + 0.02 * parameter + 0.02 * contain
NMF,6,5,4,0.05 * value + 0.03 * node + 0.02 * filter + 0.02 * service + 0.02 * resource
NMF,6,5,5,0.06 * use + 0.02 * api + 0.02 * key + 0.02 * type + 0.02 * endpoint
LDA,7,5,0,0.04 * email + 0.03 * route + 0.02 * return + 0.02 * endpoint + 0.02 * list
LDA,7,5,1,0.03 * return + 0.02 * type + 0.02 * parameter + 0.02 * api + 0.01 * query
LDA,7,5,2,0.04 * invoice + 0.03 * information + 0.02 * create + 0.02 * show + 0.02 * station
LDA,7,5,3,0.03 * return + 0.03 * get + 0.03 * list + 0.02 * team + 0.02 * use
LDA,7,5,4,0.03 * api + 0.03 * request + 0.03 * use + 0.02 * file + 0.02 * key
LDA,7,5,5,0.03 * user + 0.02 * would + 0.02 * -PRON- + 0.02 * field + 0.02 * value
LDA,7,5,6,0.02 * account + 0.02 * use + 0.01 * payment + 0.01 * request + 0.01 * specify
LSA,7,5,0,0.42 * account + 0.38 * true + 0.30 * use + 0.25 * boolean_admin + 0.23 * value
LSA,7,5,1,0.35 * account + 0.28 * true + 0.24 * boolean_admin + -0.22 * return + -0.21 * field
LSA,7,5,2,0.60 * value + -0.24 * use + 0.20 * customer + 0.17 * false + -0.17 * request
LSA,7,5,3,-0.50 * field + 0.32 * user + 0.24 * node + 0.23 * return + -0.22 * search
LSA,7,5,4,-0.34 * user + 0.29 * node + -0.22 * create + -0.22 * email + 0.20 * return
LSA,7,5,5,-0.58 * user + 0.25 * create + 0.25 * subscription + 0.24 * file + 0.19 * call
LSA,7,5,6,0.37 * email + 0.28 * request + -0.24 * filter + -0.22 * subscription + -0.22 * would
NMF,7,5,0,0.07 * account + 0.06 * true + 0.04 * boolean_admin + 0.03 * use + 0.03 * set
NMF,7,5,1,0.06 * health + 0.06 * specify + 0.03 * use + 0.02 * get + 0.02 * report
NMF,7,5,2,0.04 * list + 0.04 * group + 0.03 * user + 0.02 * update + 0.01 * return
NMF,7,5,3,0.04 * request + 0.04 * create + 0.03 * delete + 0.02 * node + 0.02 * api
NMF,7,5,4,0.04 * user + 0.02 * use + 0.02 * api + 0.02 * information + 0.02 * endpoint
NMF,7,5,5,0.04 * use + 0.04 * key + 0.03 * return + 0.02 * field + 0.02 * request
NMF,7,5,6,0.05 * value + 0.04 * name + 0.03 * field + 0.02 * filter + 0.02 * return
LDA,8,5,0,0.05 * email + 0.03 * invoice + 0.02 * -PRON- + 0.02 * would + 0.02 * return
LDA,8,5,1,0.03 * return + 0.03 * parameter + 0.03 * type + 0.03 * api + 0.02 * query
LDA,8,5,2,0.05 * route + 0.03 * station + 0.03 * information + 0.03 * delete + 0.02 * title
LDA,8,5,3,0.03 * get + 0.03 * use + 0.02 * team + 0.02 * list + 0.02 * information
LDA,8,5,4,0.03 * use + 0.03 * user + 0.03 * file + 0.02 * request + 0.02 * access
LDA,8,5,5,0.03 * user + 0.02 * list + 0.02 * filter + 0.02 * would + 0.02 * -PRON-
LDA,8,5,6,0.02 * request + 0.02 * use + 0.02 * payment + 0.02 * account + 0.02 * return
LDA,8,5,7,0.02 * user + 0.02 * feature + 0.02 * update + 0.02 * specify + 0.01 * return
LSA,8,5,0,0.42 * account + 0.38 * true + 0.30 * use + 0.25 * boolean_admin + 0.23 * value
LSA,8,5,1,-0.35 * account + -0.28 * true + -0.24 * boolean_admin + 0.22 * return + 0.21 * field
LSA,8,5,2,0.60 * value + -0.24 * use + 0.20 * customer + 0.17 * false + -0.17 * request
LSA,8,5,3,-0.50 * field + 0.32 * user + 0.24 * node + 0.23 * return + -0.22 * search
LSA,8,5,4,-0.34 * user + 0.29 * node + -0.22 * create + -0.22 * email + 0.20 * return
LSA,8,5,5,0.58 * user + -0.25 * create + -0.25 * subscription + -0.24 * file + -0.19 * call
LSA,8,5,6,-0.38 * email + -0.28 * request + 0.24 * filter + 0.22 * subscription + 0.22 * would
LSA,8,5,7,-0.46 * route + 0.38 * node + -0.31 * return + -0.29 * alternate + 0.27 * file
NMF,8,5,0,0.04 * list + 0.04 * field + 0.03 * search + 0.03 * name + 0.03 * api
NMF,8,5,1,0.06 * key + 0.04 * group + 0.04 * filter + 0.02 * resource + 0.02 * object
NMF,8,5,2,0.06 * node + 0.03 * value + 0.03 * update + 0.02 * user + 0.02 * create
NMF,8,5,3,0.09 * account + 0.07 * true + 0.05 * boolean_admin + 0.03 * envelope + 0.02 * docusign
NMF,8,5,4,0.04 * return + 0.02 * parameter + 0.02 * name + 0.02 * request + 0.02 * value
NMF,8,5,5,0.04 * service + 0.04 * delete + 0.02 * use + 0.02 * api + 0.02 * endpoint
NMF,8,5,6,0.05 * use + 0.03 * create + 0.03 * set + 0.02 * field + 0.02 * true
NMF,8,5,7,0.05 * user + 0.03 * use + 0.02 * file + 0.02 * account + 0.02 * request
LDA,9,5,0,0.05 * email + 0.02 * endpoint + 0.02 * return + 0.02 * retrieve + 0.02 * allow
LDA,9,5,1,0.04 * return + 0.02 * parameter + 0.02 * request + 0.02 * api + 0.02 * type
LDA,9,5,2,0.04 * information + 0.04 * delete + 0.03 * station + 0.03 * show + 0.02 * billing
LDA,9,5,3,0.04 * get + 0.03 * list + 0.03 * return + 0.03 * use + 0.02 * token
LDA,9,5,4,0.04 * file + 0.03 * api + 0.03 * use + 0.03 * request + 0.02 * user
LDA,9,5,5,0.03 * -PRON- + 0.03 * would + 0.03 * user + 0.03 * field + 0.02 * string
LDA,9,5,6,0.02 * invoice + 0.02 * use + 0.02 * account + 0.02 * payment + 0.02 * type
LDA,9,5,7,0.03 * user + 0.02 * update + 0.02 * account + 0.02 * endpoint + 0.01 * allow
LDA,9,5,8,0.07 * route + 0.03 * add + 0.03 * node + 0.02 * alternate + 0.02 * entry
LSA,9,5,0,0.42 * account + 0.38 * true + 0.30 * use + 0.25 * boolean_admin + 0.23 * value
LSA,9,5,1,-0.35 * account + -0.28 * true + -0.24 * boolean_admin + 0.22 * return + 0.21 * field
LSA,9,5,2,0.60 * value + -0.24 * use + 0.20 * customer + 0.17 * false + -0.17 * request
LSA,9,5,3,0.50 * field + -0.32 * user + -0.24 * node + -0.23 * return + 0.22 * search
LSA,9,5,4,0.34 * user + -0.29 * node + 0.22 * create + 0.22 * email + -0.20 * return
LSA,9,5,5,0.58 * user + -0.25 * create + -0.25 * subscription + -0.24 * file + -0.19 * call
LSA,9,5,6,-0.37 * email + -0.28 * request + 0.24 * filter + 0.22 * subscription + 0.22 * would
LSA,9,5,7,0.46 * route + -0.38 * node + 0.31 * return + 0.29 * alternate + -0.27 * file
LSA,9,5,8,-0.51 * file + -0.33 * route + 0.25 * email + -0.22 * folder + -0.20 * alternate
NMF,9,5,0,0.05 * return + 0.02 * type + 0.02 * specify + 0.02 * get + 0.01 * route
NMF,9,5,1,0.06 * node + 0.05 * delete + 0.04 * service + 0.03 * operation + 0.02 * request
NMF,9,5,2,0.04 * filter + 0.04 * field + 0.03 * value + 0.03 * search + 0.03 * name
NMF,9,5,3,0.05 * email + 0.02 * send + 0.02 * get + 0.02 * address + 0.02 * true
NMF,9,5,4,0.08 * user + 0.05 * value + 0.03 * group + 0.02 * filter + 0.02 * false
NMF,9,5,5,0.04 * use + 0.03 * name + 0.02 * information + 0.02 * user + 0.02 * create
NMF,9,5,6,0.05 * list + 0.05 * use + 0.04 * api + 0.03 * field + 0.03 * search
NMF,9,5,7,0.05 * account + 0.04 * use + 0.03 * create + 0.02 * specify + 0.02 * must
NMF,9,5,8,0.06 * true + 0.06 * account + 0.04 * boolean_admin + 0.03 * value + 0.03 * envelope
LDA,10,5,0,0.03 * email + 0.02 * order + 0.02 * item + 0.02 * request + 0.02 * retrieve
LDA,10,5,1,0.03 * type + 0.03 * return + 0.03 * api + 0.03 * parameter + 0.02 * search
LDA,10,5,2,0.04 * information + 0.04 * delete + 0.03 * customer + 0.02 * billing + 0.02 * get
LDA,10,5,3,0.04 * return + 0.04 * get + 0.03 * list + 0.02 * user + 0.02 * use
LDA,10,5,4,0.05 * route + 0.03 * feature + 0.03 * file + 0.02 * api + 0.02 * return
LDA,10,5,5,0.04 * -PRON- + 0.04 * user + 0.04 * would + 0.02 * group + 0.02 * list
LDA,10,5,6,0.03 * account + 0.02 * invoice + 0.02 * email + 0.02 * payment + 0.02 * use
LDA,10,5,7,0.03 * field + 0.02 * update + 0.02 * specify + 0.02 * string + 0.02 * allow
LDA,10,5,8,0.05 * node + 0.02 * entry + 0.02 * delete + 0.02 * request + 0.02 * registration
LDA,10,5,9,0.03 * create + 0.03 * use + 0.03 * access + 0.03 * user + 0.02 * endpoint
LSA,10,5,0,-0.42 * account + -0.38 * true + -0.30 * use + -0.25 * boolean_admin + -0.23 * value
LSA,10,5,1,0.35 * account + 0.28 * true + 0.24 * boolean_admin + -0.22 * return + -0.21 * field
LSA,10,5,2,-0.60 * value + 0.24 * use + -0.20 * customer + -0.17 * false + 0.17 * request
LSA,10,5,3,-0.50 * field + 0.32 * user + 0.24 * node + 0.23 * return + -0.22 * search
LSA,10,5,4,0.34 * user + -0.29 * node + 0.22 * create + 0.22 * email + -0.20 * return
LSA,10,5,5,0.58 * user + -0.25 * create + -0.25 * subscription + -0.24 * file + -0.19 * call
LSA,10,5,6,0.37 * email + 0.28 * request + -0.24 * filter + -0.22 * subscription + -0.22 * would
LSA,10,5,7,0.46 * route + -0.38 * node + 0.31 * return + 0.29 * alternate + -0.27 * file
LSA,10,5,8,-0.51 * file + -0.33 * route + 0.25 * email + -0.22 * folder + -0.20 * alternate
LSA,10,5,9,-0.49 * route + -0.43 * node + -0.32 * alternate + -0.26 * email + -0.22 * field
NMF,10,5,0,0.06 * get + 0.05 * service + 0.02 * operation + 0.01 * update + 0.01 * -PRON-
NMF,10,5,1,0.05 * account + 0.03 * true + 0.03 * boolean_admin + 0.03 * set + 0.02 * field
NMF,10,5,2,0.04 * return + 0.03 * field + 0.02 * parameter + 0.02 * request + 0.02 * use
NMF,10,5,3,0.08 * specify + 0.07 * use + 0.04 * health + 0.01 * track + 0.01 * policy
NMF,10,5,4,0.08 * key + 0.02 * list + 0.02 * object + 0.02 * operation + 0.02 * request
NMF,10,5,5,0.06 * file + 0.03 * use + 0.02 * api + 0.02 * folder + 0.02 * endpoint
NMF,10,5,6,0.07 * value + 0.04 * name + 0.02 * field + 0.02 * customer + 0.02 * false
NMF,10,5,7,0.06 * create + 0.04 * use + 0.03 * account + 0.02 * subscription + 0.01 * envelope
NMF,10,5,8,0.06 * true + 0.06 * account + 0.05 * user + 0.04 * boolean_admin + 0.03 * value
NMF,10,5,9,0.12 * node + 0.02 * link + 0.02 * file + 0.02 * add + 0.02 * filter
LDA,11,5,0,0.04 * return + 0.02 * item + 0.02 * retrieve + 0.02 * date + 0.02 * request
LDA,11,5,1,0.05 * api + 0.04 * type + 0.04 * return + 0.03 * parameter + 0.03 * search
LDA,11,5,2,0.05 * information + 0.03 * delete + 0.02 * email + 0.02 * billing + 0.02 * title
LDA,11,5,3,0.05 * get + 0.03 * list + 0.03 * team + 0.03 * use + 0.02 * return
LDA,11,5,4,0.06 * email + 0.05 * route + 0.05 * file + 0.03 * feature + 0.02 * request
LDA,11,5,5,0.04 * field + 0.03 * value + 0.03 * would + 0.03 * -PRON- + 0.03 * filter
LDA,11,5,6,0.03 * request + 0.02 * return + 0.02 * payment + 0.02 * use + 0.02 * account
LDA,11,5,7,0.04 * user + 0.03 * account + 0.03 * endpoint + 0.02 * api + 0.02 * use
LDA,11,5,8,0.04 * node + 0.03 * delete + 0.02 * remove + 0.02 * entry + 0.02 * import
LDA,11,5,9,0.04 * create + 0.04 * user + 0.03 * use + 0.02 * key + 0.02 * endpoint
LDA,11,5,10,0.10 * invoice + 0.04 * organization + 0.03 * single + 0.02 * return + 0.02 * domain
LSA,11,5,0,0.42 * account + 0.38 * true + 0.30 * use + 0.25 * boolean_admin + 0.23 * value
LSA,11,5,1,-0.35 * account + -0.28 * true + -0.24 * boolean_admin + 0.22 * return + 0.21 * field
LSA,11,5,2,-0.60 * value + 0.24 * use + -0.20 * customer + -0.17 * false + 0.17 * request
LSA,11,5,3,0.50 * field + -0.32 * user + -0.24 * node + -0.23 * return + 0.22 * search
LSA,11,5,4,-0.34 * user + 0.29 * node + -0.22 * create + -0.22 * email + 0.20 * return
LSA,11,5,5,-0.58 * user + 0.25 * create + 0.25 * subscription + 0.24 * file + 0.19 * call
LSA,11,5,6,0.38 * email + 0.28 * request + -0.24 * filter + -0.22 * subscription + -0.22 * would
LSA,11,5,7,0.46 * route + -0.38 * node + 0.31 * return + 0.29 * alternate + -0.27 * file
LSA,11,5,8,0.51 * file + 0.33 * route + -0.25 * email + 0.22 * folder + 0.20 * alternate
LSA,11,5,9,-0.49 * route + -0.43 * node + -0.32 * alternate + -0.26 * email + -0.22 * field
LSA,11,5,10,0.38 * node + 0.37 * use + -0.27 * subscription + -0.18 * call + -0.18 * group
NMF,11,5,0,0.09 * account + 0.07 * true + 0.05 * boolean_admin + 0.03 * envelope + 0.03 * set
NMF,11,5,1,0.08 * node + 0.06 * filter + 0.02 * link + 0.02 * search + 0.02 * return
NMF,11,5,2,0.09 * use + 0.04 * field + 0.02 * information + 0.02 * set + 0.02 * token
NMF,11,5,3,0.07 * node + 0.07 * service + 0.04 * type + 0.03 * application + 0.02 * information
NMF,11,5,4,0.07 * file + 0.03 * folder + 0.03 * name + 0.02 * return + 0.02 * use
NMF,11,5,5,0.07 * key + 0.04 * group + 0.03 * resource + 0.03 * object + 0.02 * service
NMF,11,5,6,0.04 * value + 0.03 * email + 0.03 * specify + 0.03 * true + 0.02 * call
NMF,11,5,7,0.07 * value + 0.06 * name + 0.04 * field + 0.03 * user + 0.02 * filter
NMF,11,5,8,0.07 * api + 0.06 * search + 0.03 * delete + 0.02 * type + 0.02 * result
NMF,11,5,9,0.05 * request + 0.03 * return + 0.02 * response + 0.02 * specify + 0.02 * status
NMF,11,5,10,0.06 * user + 0.03 * create + 0.02 * endpoint + 0.02 * get + 0.01 * return
LDA,12,5,0,0.04 * would + 0.04 * -PRON- + 0.03 * return + 0.02 * get + 0.02 * email
LDA,12,5,1,0.04 * type + 0.04 * parameter + 0.04 * api + 0.03 * return + 0.03 * search
LDA,12,5,2,0.05 * delete + 0.04 * information + 0.04 * customer + 0.03 * rate + 0.03 * billing
LDA,12,5,3,0.04 * get + 0.04 * list + 0.03 * return + 0.03 * tag + 0.02 * filter
LDA,12,5,4,0.06 * route + 0.04 * file + 0.03 * user + 0.03 * use + 0.02 * station
LDA,12,5,5,0.04 * value + 0.03 * string + 0.03 * user + 0.02 * repository + 0.02 * filter
LDA,12,5,6,0.03 * request + 0.02 * use + 0.02 * email + 0.02 * invoice + 0.02 * return
LDA,12,5,7,0.03 * user + 0.02 * feature + 0.02 * use + 0.02 * endpoint + 0.02 * account
LDA,12,5,8,0.03 * node + 0.03 * contact + 0.02 * entry + 0.02 * delete + 0.02 * import
LDA,12,5,9,0.04 * user + 0.03 * access + 0.03 * create + 0.03 * object + 0.02 * use
LDA,12,5,10,0.06 * show + 0.06 * post + 0.05 * organization + 0.03 * cancel + 0.03 * schedule
LDA,12,5,11,0.02 * specify + 0.02 * number + 0.02 * api + 0.02 * create + 0.02 * error
LSA,12,5,0,0.42 * account + 0.38 * true + 0.30 * use + 0.25 * boolean_admin + 0.23 * value
LSA,12,5,1,-0.35 * account + -0.28 * true + -0.24 * boolean_admin + 0.22 * return + 0.21 * field
LSA,12,5,2,0.60 * value + -0.24 * use + 0.20 * customer + 0.17 * false + -0.17 * request
LSA,12,5,3,-0.50 * field + 0.32 * user + 0.24 * node + 0.23 * return + -0.22 * search
LSA,12,5,4,-0.34 * user + 0.29 * node + -0.22 * create + -0.22 * email + 0.20 * return
LSA,12,5,5,0.58 * user + -0.25 * create + -0.25 * subscription + -0.24 * file + -0.19 * call
LSA,12,5,6,0.37 * email + 0.28 * request + -0.24 * filter + -0.22 * subscription + -0.22 * would
LSA,12,5,7,0.46 * route + -0.38 * node + 0.31 * return + 0.29 * alternate + -0.27 * file
LSA,12,5,8,0.51 * file + 0.33 * route + -0.25 * email + 0.22 * folder + 0.20 * alternate
LSA,12,5,9,-0.49 * route + -0.43 * node + -0.32 * alternate + -0.26 * email + -0.22 * field
LSA,12,5,10,0.38 * node + 0.37 * use + -0.27 * subscription + -0.18 * group + -0.18 * call
LSA,12,5,11,-0.61 * string + 0.25 * value + -0.24 * stre + -0.21 * email + -0.18 * file
NMF,12,5,0,0.07 * get + 0.05 * list + 0.03 * filter + 0.03 * give + 0.03 * service
NMF,12,5,1,0.07 * api + 0.04 * user + 0.02 * call + 0.02 * see + 0.01 * endpoint
NMF,12,5,2,0.04 * would + 0.04 * -PRON- + 0.04 * list + 0.04 * endpoint + 0.02 * request
NMF,12,5,3,0.04 * application + 0.03 * service + 0.03 * type + 0.02 * health + 0.02 * specify
NMF,12,5,4,0.08 * field + 0.03 * information + 0.02 * group + 0.02 * provide + 0.02 * include
NMF,12,5,5,0.04 * name + 0.03 * parameter + 0.03 * file + 0.03 * return + 0.03 * use
NMF,12,5,6,0.09 * account + 0.06 * true + 0.04 * boolean_admin + 0.02 * envelope + 0.02 * docusign
NMF,12,5,7,0.08 * value + 0.03 * name + 0.03 * filter + 0.02 * user + 0.02 * search
NMF,12,5,8,0.15 * node + 0.03 * file + 0.03 * add + 0.02 * link + 0.02 * folder
NMF,12,5,9,0.05 * request + 0.04 * status + 0.03 * delete + 0.02 * return + 0.02 * create
NMF,12,5,10,0.09 * key + 0.04 * return + 0.03 * object + 0.03 * contain + 0.02 * link
NMF,12,5,11,0.06 * use + 0.04 * true + 0.04 * account + 0.03 * create + 0.03 * boolean_admin
LDA,13,5,0,0.06 * route + 0.03 * list + 0.03 * get + 0.03 * return + 0.03 * item
LDA,13,5,1,0.05 * type + 0.05 * parameter + 0.05 * api + 0.05 * return + 0.04 * search
LDA,13,5,2,0.05 * rate + 0.04 * title + 0.03 * category + 0.03 * information + 0.02 * export
LDA,13,5,3,0.03 * get + 0.03 * use + 0.02 * information + 0.02 * list + 0.02 * return
LDA,13,5,4,0.05 * file + 0.05 * wish + 0.05 * string + 0.03 * request + 0.03 * retrieve
LDA,13,5,5,0.04 * -PRON- + 0.04 * would + 0.03 * value + 0.03 * filter + 0.03 * user
LDA,13,5,6,0.03 * request + 0.02 * account + 0.02 * use + 0.02 * payment + 0.02 * return
LDA,13,5,7,0.02 * feature + 0.02 * use + 0.02 * endpoint + 0.02 * field + 0.02 * api
LDA,13,5,8,0.05 * delete + 0.03 * remove + 0.03 * node + 0.03 * add + 0.03 * entry
LDA,13,5,9,0.07 * object + 0.04 * return + 0.03 * link + 0.03 * registration + 0.02 * retrieve
LDA,13,5,10,0.10 * email + 0.07 * invoice + 0.03 * organization + 0.03 * see + 0.02 * user
LDA,13,5,11,0.04 * create + 0.03 * update + 0.03 * file + 0.02 * user + 0.02 * specify
LDA,13,5,12,0.06 * user + 0.05 * access + 0.04 * information + 0.03 * team + 0.02 * permission
LSA,13,5,0,0.42 * account + 0.38 * true + 0.30 * use + 0.25 * boolean_admin + 0.23 * value
LSA,13,5,1,-0.35 * account + -0.28 * true + -0.24 * boolean_admin + 0.22 * return + 0.21 * field
LSA,13,5,2,0.60 * value + -0.24 * use + 0.20 * customer + 0.17 * false + -0.17 * request
LSA,13,5,3,-0.50 * field + 0.32 * user + 0.24 * node + 0.23 * return + -0.22 * search
LSA,13,5,4,-0.34 * user + 0.29 * node + -0.22 * create + -0.22 * email + 0.20 * return
LSA,13,5,5,-0.58 * user + 0.25 * create + 0.25 * subscription + 0.24 * file + 0.19 * call
LSA,13,5,6,-0.37 * email + -0.28 * request + 0.24 * filter + 0.22 * subscription + 0.22 * would
LSA,13,5,7,-0.46 * route + 0.38 * node + -0.31 * return + -0.29 * alternate + 0.27 * file
LSA,13,5,8,-0.51 * file + -0.33 * route + 0.25 * email + -0.22 * folder + -0.20 * alternate
LSA,13,5,9,-0.49 * route + -0.43 * node + -0.32 * alternate + -0.26 * email + -0.22 * field
LSA,13,5,10,0.38 * node + 0.37 * use + -0.27 * subscription + -0.19 * call + -0.18 * group
LSA,13,5,11,-0.61 * string + 0.25 * value + -0.24 * stre + -0.21 * email + -0.18 * file
LSA,13,5,12,0.30 * request + -0.30 * email + 0.22 * order + -0.21 * specify + 0.19 * key
NMF,13,5,0,0.08 * value + 0.03 * filter + 0.03 * name + 0.02 * user + 0.02 * customer
NMF,13,5,1,0.09 * key + 0.03 * object + 0.02 * contain + 0.02 * request + 0.02 * return
NMF,13,5,2,0.06 * field + 0.06 * search + 0.03 * result + 0.03 * api + 0.03 * use
NMF,13,5,3,0.06 * return + 0.03 * type + 0.02 * information + 0.02 * application + 0.02 * service
NMF,13,5,4,0.06 * delete + 0.05 * request + 0.04 * pool + 0.03 * status + 0.03 * task
NMF,13,5,5,0.09 * group + 0.04 * health + 0.04 * report + 0.03 * specify + 0.03 * name
NMF,13,5,6,0.14 * node + 0.03 * file + 0.02 * link + 0.02 * add + 0.02 * folder
NMF,13,5,7,0.04 * list + 0.03 * retrieve + 0.03 * endpoint + 0.03 * user + 0.02 * give
NMF,13,5,8,0.04 * update + 0.03 * specify + 0.02 * call + 0.02 * email + 0.02 * service
NMF,13,5,9,0.07 * account + 0.06 * true + 0.04 * boolean_admin + 0.03 * use + 0.03 * envelope
NMF,13,5,10,0.08 * user + 0.06 * get + 0.03 * image + 0.03 * would + 0.02 * -PRON-
NMF,13,5,11,0.05 * use + 0.04 * file + 0.02 * api + 0.02 * parameter + 0.01 * folder
NMF,13,5,12,0.10 * create + 0.04 * would + 0.04 * -PRON- + 0.03 * subscription + 0.03 * account
LDA,14,5,0,0.07 * email + 0.03 * list + 0.03 * order + 0.03 * tag + 0.02 * return
LDA,14,5,1,0.05 * return + 0.04 * parameter + 0.03 * request + 0.02 * status + 0.02 * query
LDA,14,5,2,0.06 * retrieve + 0.06 * information + 0.04 * delete + 0.03 * give + 0.03 * operation
LDA,14,5,3,0.06 * get + 0.03 * return + 0.03 * list + 0.03 * project + 0.02 * collection
LDA,14,5,4,0.11 * link + 0.08 * wish + 0.03 * line + 0.02 * error_codes + 0.02 * log
LDA,14,5,5,0.04 * value + 0.03 * field + 0.03 * name + 0.03 * filter + 0.02 * string
LDA,14,5,6,0.03 * type + 0.03 * invoice + 0.02 * account + 0.02 * use + 0.02 * payment
LDA,14,5,7,0.05 * user + 0.03 * group + 0.03 * account + 0.03 * update + 0.02 * endpoint
LDA,14,5,8,0.11 * route + 0.05 * contact + 0.04 * alternate + 0.04 * entry + 0.03 * node
LDA,14,5,9,0.06 * create + 0.03 * team + 0.03 * repository + 0.03 * use + 0.03 * recipient
LDA,14,5,10,0.05 * would + 0.05 * -PRON- + 0.05 * post + 0.04 * schedule + 0.04 * number
LDA,14,5,11,0.03 * title + 0.03 * product + 0.02 * report + 0.02 * custom + 0.02 * edit
LDA,14,5,12,0.07 * user + 0.05 * access + 0.05 * key + 0.03 * information + 0.03 * permission
LDA,14,5,13,0.03 * use + 0.03 * file + 0.03 * request + 0.02 * api + 0.02 * retrieve
LSA,14,5,0,0.42 * account + 0.38 * true + 0.30 * use + 0.25 * boolean_admin + 0.23 * value
LSA,14,5,1,0.35 * account + 0.28 * true + 0.24 * boolean_admin + -0.22 * return + -0.21 * field
LSA,14,5,2,0.60 * value + -0.24 * use + 0.20 * customer + 0.17 * false + -0.17 * request
LSA,14,5,3,0.50 * field + -0.32 * user + -0.24 * node + -0.23 * return + 0.22 * search
LSA,14,5,4,-0.34 * user + 0.29 * node + -0.22 * create + -0.22 * email + 0.20 * return
LSA,14,5,5,0.58 * user + -0.25 * create + -0.25 * subscription + -0.24 * file + -0.19 * call
LSA,14,5,6,-0.37 * email + -0.28 * request + 0.24 * filter + 0.22 * subscription + 0.22 * would
LSA,14,5,7,0.46 * route + -0.38 * node + 0.31 * return + 0.29 * alternate + -0.27 * file
LSA,14,5,8,-0.51 * file + -0.33 * route + 0.25 * email + -0.22 * folder + -0.20 * alternate
LSA,14,5,9,-0.49 * route + -0.43 * node + -0.32 * alternate + -0.26 * email + -0.22 * field
LSA,14,5,10,-0.38 * node + -0.37 * use + 0.27 * subscription + 0.18 * call + 0.18 * group
LSA,14,5,11,0.61 * string + -0.25 * value + 0.24 * stre + 0.21 * email + 0.18 * file
LSA,14,5,12,0.30 * request + -0.29 * email + 0.22 * order + -0.21 * specify + 0.19 * key
LSA,14,5,13,0.31 * file + 0.29 * use + 0.25 * order + -0.22 * request + 0.20 * key
NMF,14,5,0,0.04 * file + 0.04 * email + 0.03 * true + 0.02 * value + 0.02 * allow
NMF,14,5,1,0.08 * account + 0.06 * true + 0.05 * boolean_admin + 0.03 * envelope + 0.03 * set
NMF,14,5,2,0.07 * user + 0.04 * information + 0.03 * endpoint + 0.03 * return + 0.02 * would
NMF,14,5,3,0.12 * node + 0.06 * delete + 0.02 * add + 0.02 * link + 0.02 * operation
NMF,14,5,4,0.08 * value + 0.05 * filter + 0.02 * list + 0.02 * customer + 0.01 * false
NMF,14,5,5,0.09 * use + 0.03 * specify + 0.02 * user + 0.02 * order + 0.01 * optional
NMF,14,5,6,0.09 * report + 0.05 * health + 0.03 * store + 0.02 * gateway + 0.01 * reject
NMF,14,5,7,0.11 * key + 0.02 * object + 0.02 * signature + 0.02 * value + 0.02 * link
NMF,14,5,8,0.07 * name + 0.04 * field + 0.04 * group + 0.03 * value + 0.03 * update
NMF,14,5,9,0.12 * service + 0.03 * update + 0.02 * specify + 0.02 * fabric + 0.02 * node
NMF,14,5,10,0.06 * field + 0.06 * search + 0.04 * api + 0.03 * result + 0.02 * set
NMF,14,5,11,0.07 * return + 0.04 * type + 0.02 * node + 0.02 * use + 0.02 * object
NMF,14,5,12,0.07 * create + 0.02 * subscription + 0.02 * status + 0.02 * name + 0.02 * parameter
NMF,14,5,13,0.06 * request + 0.04 * get + 0.02 * key + 0.02 * list + 0.02 * return
LDA,15,5,0,0.06 * get + 0.03 * list + 0.03 * return + 0.03 * operation + 0.02 * item
LDA,15,5,1,0.04 * parameter + 0.04 * return + 0.02 * request + 0.02 * status + 0.02 * response
LDA,15,5,2,0.08 * invoice + 0.04 * information + 0.03 * create + 0.03 * category + 0.02 * title
LDA,15,5,3,0.04 * team + 0.04 * field + 0.04 * get + 0.03 * use + 0.03 * information
LDA,15,5,4,0.06 * request + 0.04 * return + 0.04 * order + 0.04 * retrieve + 0.04 * document
LDA,15,5,5,0.04 * -PRON- + 0.04 * would + 0.03 * user + 0.03 * value + 0.03 * string
LDA,15,5,6,0.05 * account + 0.03 * use + 0.03 * payment + 0.02 * address + 0.02 * endpoint
LDA,15,5,7,0.02 * recipient + 0.02 * allow + 0.02 * return + 0.02 * user + 0.02 * send
LDA,15,5,8,0.12 * email + 0.03 * object + 0.03 * contact + 0.03 * add + 0.03 * entity
LDA,15,5,9,0.05 * repository + 0.03 * create + 0.03 * registration + 0.02 * group + 0.02 * bus
LDA,15,5,10,0.07 * post + 0.05 * organization + 0.05 * show + 0.03 * usage + 0.03 * schedule
LDA,15,5,11,0.08 * delete + 0.03 * api + 0.03 * must + 0.03 * run + 0.03 * create
LDA,15,5,12,0.08 * user + 0.05 * access + 0.04 * key + 0.04 * permission + 0.03 * information
LDA,15,5,13,0.04 * file + 0.03 * use + 0.03 * request + 0.02 * return + 0.02 * api
LDA,15,5,14,0.06 * search + 0.05 * route + 0.03 * list + 0.03 * return + 0.03 * api
LSA,15,5,0,0.42 * account + 0.38 * true + 0.30 * use + 0.25 * boolean_admin + 0.23 * value
LSA,15,5,1,-0.35 * account + -0.28 * true + -0.24 * boolean_admin + 0.22 * return + 0.21 * field
LSA,15,5,2,-0.60 * value + 0.24 * use + -0.20 * customer + -0.17 * false + 0.17 * request
LSA,15,5,3,0.50 * field + -0.32 * user + -0.24 * node + -0.23 * return + 0.22 * search
LSA,15,5,4,-0.34 * user + 0.29 * node + -0.22 * create + -0.22 * email + 0.20 * return
LSA,15,5,5,0.58 * user + -0.25 * create + -0.25 * subscription + -0.24 * file + -0.19 * call
LSA,15,5,6,0.37 * email + 0.28 * request + -0.24 * filter + -0.22 * subscription + -0.22 * would
LSA,15,5,7,-0.46 * route + 0.38 * node + -0.31 * return + -0.29 * alternate + 0.27 * file
LSA,15,5,8,0.51 * file + 0.33 * route + -0.25 * email + 0.22 * folder + 0.20 * alternate
LSA,15,5,9,0.49 * route + 0.43 * node + 0.32 * alternate + 0.26 * email + 0.22 * field
LSA,15,5,10,-0.38 * node + -0.37 * use + 0.27 * subscription + 0.18 * call + 0.18 * group
LSA,15,5,11,-0.61 * string + 0.25 * value + -0.24 * stre + -0.21 * email + -0.18 * file
LSA,15,5,12,0.30 * request + -0.29 * email + 0.22 * order + -0.21 * specify + 0.19 * key
LSA,15,5,13,-0.31 * file + -0.29 * use + -0.25 * order + 0.22 * request + -0.20 * key
LSA,15,5,14,0.35 * order + -0.27 * would + -0.26 * -PRON- + -0.24 * endpoint + -0.21 * key
NMF,15,5,0,0.04 * true + 0.04 * account + 0.04 * search + 0.03 * set + 0.03 * field
NMF,15,5,1,0.08 * key + 0.05 * would + 0.04 * -PRON- + 0.03 * name + 0.03 * contain
NMF,15,5,2,0.09 * account + 0.04 * true + 0.03 * boolean_admin + 0.02 * envelope + 0.02 * operation
NMF,15,5,3,0.04 * job + 0.03 * account + 0.03 * task + 0.02 * status + 0.02 * set
NMF,15,5,4,0.07 * return + 0.06 * service + 0.04 * type + 0.02 * application + 0.01 * cluster
NMF,15,5,5,0.06 * account + 0.05 * true + 0.04 * boolean_admin + 0.03 * use + 0.02 * envelope
NMF,15,5,6,0.07 * api + 0.04 * file + 0.03 * use + 0.02 * endpoint + 0.01 * search
NMF,15,5,7,0.04 * request + 0.03 * status + 0.02 * parameter + 0.02 * response + 0.02 * field
NMF,15,5,8,0.05 * use + 0.04 * create + 0.02 * update + 0.02 * endpoint + 0.02 * must
NMF,15,5,9,0.16 * node + 0.03 * file + 0.03 * link + 0.02 * add + 0.02 * folder
NMF,15,5,10,0.05 * information + 0.03 * name + 0.03 * user + 0.03 * get + 0.02 * field
NMF,15,5,11,0.04 * report + 0.04 * return + 0.02 * update + 0.02 * request + 0.02 * contain
NMF,15,5,12,0.09 * value + 0.04 * filter + 0.04 * name + 0.03 * create + 0.02 * field
NMF,15,5,13,0.08 * specify + 0.06 * get + 0.03 * operation + 0.02 * service + 0.02 * delete
NMF,15,5,14,0.06 * user + 0.05 * email + 0.02 * value + 0.02 * request + 0.02 * send
LDA,16,5,0,0.04 * would + 0.04 * -PRON- + 0.04 * return + 0.04 * get + 0.03 * detail
LDA,16,5,1,0.05 * parameter + 0.03 * return + 0.03 * call + 0.02 * query + 0.02 * page
LDA,16,5,2,0.15 * email + 0.09 * invoice + 0.05 * information + 0.03 * allow + 0.03 * group
LDA,16,5,3,0.06 * get + 0.05 * list + 0.03 * return + 0.03 * endpoint + 0.02 * user
LDA,16,5,4,0.15 * route + 0.05 * custom + 0.04 * user + 0.03 * add + 0.03 * list
LDA,16,5,5,0.04 * -PRON- + 0.04 * filter + 0.04 * would + 0.03 * value + 0.03 * user
LDA,16,5,6,0.03 * payment + 0.03 * account + 0.03 * type + 0.02 * delete + 0.02 * message
LDA,16,5,7,0.04 * field + 0.03 * user + 0.03 * update + 0.02 * allow + 0.02 * recipient
LDA,16,5,8,0.06 * delete + 0.05 * type + 0.05 * node + 0.03 * entry + 0.03 * contact
LDA,16,5,9,0.04 * token + 0.04 * comment + 0.03 * entity + 0.03 * use + 0.03 * record
LDA,16,5,10,0.12 * team + 0.07 * post + 0.05 * number + 0.04 * country + 0.03 * city
LDA,16,5,11,0.07 * create + 0.04 * api + 0.04 * endpoint + 0.03 * user + 0.03 * new
LDA,16,5,12,0.07 * user + 0.06 * access + 0.04 * information + 0.03 * permission + 0.03 * key
LDA,16,5,13,0.03 * file + 0.03 * use + 0.02 * retrieve + 0.02 * order + 0.02 * request
LDA,16,5,14,0.06 * search + 0.03 * feature + 0.03 * api + 0.03 * repository + 0.02 * list
LDA,16,5,15,0.05 * request + 0.04 * return + 0.03 * object + 0.02 * use + 0.02 * error
LSA,16,5,0,0.42 * account + 0.38 * true + 0.30 * use + 0.25 * boolean_admin + 0.23 * value
LSA,16,5,1,-0.35 * account + -0.28 * true + -0.24 * boolean_admin + 0.22 * return + 0.21 * field
LSA,16,5,2,-0.60 * value + 0.24 * use + -0.20 * customer + -0.17 * false + 0.17 * request
LSA,16,5,3,-0.50 * field + 0.32 * user + 0.24 * node + 0.23 * return + -0.22 * search
LSA,16,5,4,0.34 * user + -0.29 * node + 0.22 * create + 0.22 * email + -0.20 * return
LSA,16,5,5,0.58 * user + -0.25 * create + -0.25 * subscription + -0.24 * file + -0.19 * call
LSA,16,5,6,-0.37 * email + -0.28 * request + 0.24 * filter + 0.22 * subscription + 0.22 * would
LSA,16,5,7,-0.46 * route + 0.38 * node + -0.31 * return + -0.29 * alternate + 0.27 * file
LSA,16,5,8,0.51 * file + 0.33 * route + -0.25 * email + 0.22 * folder + 0.20 * alternate
LSA,16,5,9,-0.49 * route + -0.43 * node + -0.32 * alternate + -0.26 * email + -0.22 * field
LSA,16,5,10,0.38 * node + 0.37 * use + -0.27 * subscription + -0.18 * call + -0.18 * group
LSA,16,5,11,-0.61 * string + 0.25 * value + -0.24 * stre + -0.21 * email + -0.18 * file
LSA,16,5,12,0.30 * request + -0.30 * email + 0.22 * order + -0.21 * specify + 0.19 * key
LSA,16,5,13,0.31 * file + 0.29 * use + 0.25 * order + -0.22 * request + 0.20 * key
LSA,16,5,14,0.35 * order + -0.27 * would + -0.26 * -PRON- + -0.24 * endpoint + -0.21 * key
LSA,16,5,15,0.43 * team + 0.37 * group + 0.20 * specify + -0.20 * user + 0.19 * organization
NMF,16,5,0,0.08 * value + 0.04 * filter + 0.03 * name + 0.03 * group + 0.02 * user
NMF,16,5,1,0.06 * user + 0.05 * specify + 0.02 * track + 0.02 * email + 0.01 * address
NMF,16,5,2,0.09 * use + 0.06 * account + 0.03 * boolean_admin + 0.03 * type + 0.02 * true
NMF,16,5,3,0.04 * parameter + 0.04 * field + 0.03 * return + 0.03 * query + 0.02 * use
NMF,16,5,4,0.07 * field + 0.05 * would + 0.05 * name + 0.05 * -PRON- + 0.03 * string
NMF,16,5,5,0.04 * user + 0.04 * group + 0.03 * endpoint + 0.03 * use + 0.03 * team
NMF,16,5,6,0.06 * report + 0.03 * health + 0.03 * key + 0.03 * store + 0.02 * operation
NMF,16,5,7,0.08 * true + 0.04 * account + 0.04 * boolean_admin + 0.03 * set + 0.02 * user
NMF,16,5,8,0.05 * version + 0.04 * update + 0.03 * subscription + 0.03 * pool + 0.02 * call
NMF,16,5,9,0.10 * account + 0.03 * request + 0.02 * update + 0.02 * payment + 0.02 * boolean_admin
NMF,16,5,10,0.11 * service + 0.08 * get + 0.03 * information + 0.02 * task + 0.02 * job
NMF,16,5,11,0.11 * file + 0.04 * folder + 0.02 * api + 0.02 * upload + 0.02 * name
NMF,16,5,12,0.15 * node + 0.02 * link + 0.02 * add + 0.02 * filter + 0.02 * remove
NMF,16,5,13,0.05 * use + 0.04 * api + 0.03 * token + 0.02 * get + 0.02 * application
NMF,16,5,14,0.07 * key + 0.04 * delete + 0.04 * request + 0.03 * return + 0.02 * contain
NMF,16,5,15,0.06 * create + 0.03 * return + 0.03 * list + 0.02 * status + 0.02 * request
LDA,17,5,0,0.05 * item + 0.03 * request + 0.02 * update + 0.02 * stream + 0.02 * get
LDA,17,5,1,0.05 * parameter + 0.03 * call + 0.03 * api + 0.03 * return + 0.03 * status
LDA,17,5,2,0.08 * email + 0.07 * invoice + 0.06 * information + 0.03 * address + 0.03 * allow
LDA,17,5,3,0.05 * order + 0.05 * get + 0.05 * return + 0.04 * list + 0.03 * recipient
LDA,17,5,4,0.05 * add + 0.03 * line + 0.03 * view + 0.03 * public + 0.02 * use
LDA,17,5,5,0.04 * registration + 0.03 * group + 0.03 * create + 0.02 * -PRON- + 0.02 * subscription
LDA,17,5,6,0.05 * account + 0.04 * payment + 0.03 * type + 0.03 * send + 0.02 * email
LDA,17,5,7,0.04 * user + 0.02 * endpoint + 0.02 * field + 0.02 * use + 0.02 * value
LDA,17,5,8,0.07 * node + 0.05 * type + 0.04 * entry + 0.03 * import + 0.03 * api
LDA,17,5,9,0.04 * retrieve + 0.04 * record + 0.03 * comment + 0.02 * operation + 0.02 * user
LDA,17,5,10,0.10 * team + 0.07 * single + 0.05 * organization + 0.03 * server + 0.03 * bus
LDA,17,5,11,0.09 * create + 0.05 * new + 0.03 * contact + 0.03 * job + 0.02 * edit
LDA,17,5,12,0.08 * user + 0.05 * access + 0.04 * permission + 0.03 * information + 0.02 * key
LDA,17,5,13,0.04 * file + 0.03 * use + 0.03 * request + 0.02 * access + 0.02 * user
LDA,17,5,14,0.06 * search + 0.05 * route + 0.04 * list + 0.03 * feature + 0.03 * date
LDA,17,5,15,0.04 * object + 0.04 * use + 0.04 * return + 0.03 * key + 0.03 * api
LDA,17,5,16,0.04 * would + 0.04 * -PRON- + 0.04 * request + 0.04 * field + 0.03 * post
LSA,17,5,0,0.42 * account + 0.38 * true + 0.30 * use + 0.25 * boolean_admin + 0.23 * value
LSA,17,5,1,0.35 * account + 0.28 * true + 0.24 * boolean_admin + -0.22 * return + -0.21 * field
LSA,17,5,2,-0.60 * value + 0.24 * use + -0.20 * customer + -0.17 * false + 0.17 * request
LSA,17,5,3,0.50 * field + -0.32 * user + -0.24 * node + -0.23 * return + 0.22 * search
LSA,17,5,4,0.34 * user + -0.29 * node + 0.22 * create + 0.22 * email + -0.20 * return
LSA,17,5,5,-0.58 * user + 0.25 * create + 0.25 * subscription + 0.24 * file + 0.19 * call
LSA,17,5,6,-0.37 * email + -0.28 * request + 0.24 * filter + 0.22 * subscription + 0.22 * would
LSA,17,5,7,0.46 * route + -0.38 * node + 0.31 * return + 0.29 * alternate + -0.27 * file
LSA,17,5,8,0.51 * file + 0.33 * route + -0.25 * email + 0.22 * folder + 0.20 * alternate
LSA,17,5,9,0.49 * route + 0.43 * node + 0.32 * alternate + 0.26 * email + 0.22 * field
LSA,17,5,10,0.38 * node + 0.37 * use + -0.27 * subscription + -0.18 * call + -0.18 * group
LSA,17,5,11,0.61 * string + -0.25 * value + 0.24 * stre + 0.21 * email + 0.18 * file
LSA,17,5,12,0.30 * request + -0.30 * email + 0.22 * order + -0.21 * specify + 0.19 * key
LSA,17,5,13,-0.31 * file + -0.29 * use + -0.24 * order + 0.22 * request + -0.20 * key
LSA,17,5,14,-0.35 * order + 0.27 * would + 0.26 * -PRON- + 0.24 * endpoint + 0.21 * key
LSA,17,5,15,0.43 * team + 0.37 * group + 0.20 * specify + -0.20 * user + 0.19 * organization
LSA,17,5,16,0.24 * request + -0.22 * object + 0.21 * status + -0.21 * api + -0.20 * post
NMF,17,5,0,0.11 * node + 0.07 * value + 0.02 * filter + 0.02 * true + 0.02 * file
NMF,17,5,1,0.04 * report + 0.04 * name + 0.04 * value + 0.04 * specify + 0.03 * subscription
NMF,17,5,2,0.07 * use + 0.05 * create + 0.03 * set + 0.02 * field + 0.02 * must
NMF,17,5,3,0.10 * delete + 0.07 * file + 0.03 * operation + 0.03 * folder + 0.01 * upload
NMF,17,5,4,0.13 * service + 0.06 * health + 0.02 * fabric + 0.02 * application + 0.02 * update
NMF,17,5,5,0.05 * api + 0.04 * name + 0.04 * file + 0.04 * would + 0.04 * -PRON-
NMF,17,5,6,0.04 * information + 0.04 * status + 0.04 * return + 0.03 * response + 0.02 * request
NMF,17,5,7,0.04 * api + 0.03 * call + 0.02 * email + 0.02 * allow + 0.02 * run
NMF,17,5,8,0.07 * key + 0.04 * filter + 0.03 * value + 0.02 * object + 0.02 * contain
NMF,17,5,9,0.08 * search + 0.06 * field + 0.03 * result + 0.03 * value + 0.02 * name
NMF,17,5,10,0.07 * request + 0.03 * get + 0.02 * object + 0.02 * error + 0.01 * return
NMF,17,5,11,0.08 * account + 0.07 * true + 0.05 * boolean_admin + 0.03 * envelope + 0.02 * docusign
NMF,17,5,12,0.12 * user + 0.04 * value + 0.04 * email + 0.02 * true + 0.02 * allow
NMF,17,5,13,0.08 * group + 0.07 * list + 0.02 * route + 0.02 * give + 0.02 * resource
NMF,17,5,14,0.08 * type + 0.04 * return + 0.02 * account + 0.02 * page + 0.01 * true
NMF,17,5,15,0.05 * return + 0.04 * key + 0.03 * parameter + 0.03 * name + 0.02 * application
NMF,17,5,16,0.07 * use + 0.06 * get + 0.04 * information + 0.03 * specify + 0.02 * health
LDA,18,5,0,0.04 * item + 0.03 * add + 0.03 * list + 0.02 * email + 0.02 * stream
LDA,18,5,1,0.05 * parameter + 0.04 * return + 0.04 * template + 0.04 * status + 0.02 * call
LDA,18,5,2,0.12 * route + 0.04 * information + 0.04 * show + 0.03 * get + 0.03 * export
LDA,18,5,3,0.03 * use + 0.03 * field + 0.03 * return + 0.03 * get + 0.02 * collection
LDA,18,5,4,0.06 * wish + 0.04 * retrieve + 0.03 * information + 0.03 * use + 0.03 * log
LDA,18,5,5,0.05 * feature + 0.04 * field + 0.04 * would + 0.04 * -PRON- + 0.03 * string
LDA,18,5,6,0.04 * account + 0.03 * payment + 0.02 * order + 0.02 * customer + 0.02 * return
LDA,18,5,7,0.04 * user + 0.04 * endpoint + 0.03 * allow + 0.03 * use + 0.02 * update
LDA,18,5,8,0.16 * email + 0.06 * node + 0.04 * delete + 0.03 * cancel + 0.02 * request
LDA,18,5,9,0.05 * retrieve + 0.04 * address + 0.04 * record + 0.04 * ip + 0.04 * object
LDA,18,5,10,0.05 * country + 0.05 * city + 0.04 * number + 0.03 * optional + 0.03 * week
LDA,18,5,11,0.10 * invoice + 0.05 * create + 0.03 * new + 0.03 * update + 0.03 * title
LDA,18,5,12,0.11 * user + 0.06 * access + 0.04 * token + 0.03 * information + 0.03 * permission
LDA,18,5,13,0.04 * file + 0.03 * request + 0.03 * use + 0.02 * api + 0.02 * repository
LDA,18,5,14,0.05 * search + 0.04 * list + 0.03 * return + 0.03 * date + 0.03 * type
LDA,18,5,15,0.03 * organization + 0.03 * return + 0.03 * information + 0.03 * charge + 0.02 * api
LDA,18,5,16,0.08 * -PRON- + 0.08 * would + 0.05 * delete + 0.04 * return + 0.03 * get
LDA,18,5,17,0.04 * team + 0.04 * project + 0.03 * array + 0.03 * description + 0.03 * field
LSA,18,5,0,-0.42 * account + -0.38 * true + -0.30 * use + -0.25 * boolean_admin + -0.23 * value
LSA,18,5,1,0.35 * account + 0.28 * true + 0.24 * boolean_admin + -0.22 * return + -0.21 * field
LSA,18,5,2,-0.60 * value + 0.24 * use + -0.20 * customer + -0.17 * false + 0.17 * request
LSA,18,5,3,0.50 * field + -0.32 * user + -0.24 * node + -0.23 * return + 0.22 * search
LSA,18,5,4,-0.34 * user + 0.29 * node + -0.22 * create + -0.22 * email + 0.20 * return
LSA,18,5,5,0.58 * user + -0.25 * create + -0.25 * subscription + -0.24 * file + -0.19 * call
LSA,18,5,6,0.38 * email + 0.28 * request + -0.24 * filter + -0.22 * subscription + -0.22 * would
LSA,18,5,7,0.46 * route + -0.38 * node + 0.31 * return + 0.29 * alternate + -0.27 * file
LSA,18,5,8,-0.51 * file + -0.33 * route + 0.25 * email + -0.22 * folder + -0.20 * alternate
LSA,18,5,9,-0.49 * route + -0.43 * node + -0.32 * alternate + -0.26 * email + -0.22 * field
LSA,18,5,10,0.38 * node + 0.37 * use + -0.27 * subscription + -0.18 * call + -0.18 * group
LSA,18,5,11,0.61 * string + -0.25 * value + 0.24 * stre + 0.21 * email + 0.18 * file
LSA,18,5,12,0.30 * request + -0.30 * email + 0.22 * order + -0.21 * specify + 0.19 * key
LSA,18,5,13,-0.31 * file + -0.29 * use + -0.24 * order + 0.22 * request + -0.20 * key
LSA,18,5,14,-0.35 * order + 0.27 * would + 0.26 * -PRON- + 0.24 * endpoint + 0.21 * key
LSA,18,5,15,0.43 * team + 0.37 * group + 0.20 * specify + -0.20 * user + 0.19 * organization
LSA,18,5,16,-0.24 * request + 0.22 * object + -0.21 * status + 0.21 * api + 0.20 * post
LSA,18,5,17,0.49 * specify + -0.27 * post + -0.27 * type + -0.22 * group + 0.21 * track
NMF,18,5,0,0.08 * group + 0.04 * resource + 0.03 * information + 0.03 * delete + 0.02 * report
NMF,18,5,1,0.06 * return + 0.03 * specify + 0.02 * parameter + 0.02 * contain + 0.02 * status
NMF,18,5,2,0.13 * node + 0.03 * name + 0.03 * file + 0.02 * folder + 0.02 * add
NMF,18,5,3,0.10 * value + 0.04 * filter + 0.03 * use + 0.03 * certificate + 0.02 * delete
NMF,18,5,4,0.09 * would + 0.09 * -PRON- + 0.05 * name + 0.03 * string + 0.02 * information
NMF,18,5,5,0.09 * account + 0.06 * true + 0.05 * boolean_admin + 0.03 * use + 0.03 * envelope
NMF,18,5,6,0.05 * true + 0.04 * boolean_admin + 0.03 * account + 0.03 * service + 0.02 * use
NMF,18,5,7,0.06 * pool + 0.05 * request + 0.02 * update + 0.02 * state + 0.02 * node
NMF,18,5,8,0.11 * key + 0.03 * object + 0.03 * contain + 0.02 * request + 0.02 * link
NMF,18,5,9,0.07 * search + 0.06 * field + 0.05 * value + 0.03 * name + 0.02 * result
NMF,18,5,10,0.09 * type + 0.03 * get + 0.03 * application + 0.02 * require + 0.01 * service
NMF,18,5,11,0.06 * create + 0.06 * file + 0.02 * account + 0.02 * request + 0.02 * must
NMF,18,5,12,0.08 * create + 0.04 * return + 0.03 * object + 0.02 * health + 0.02 * new
NMF,18,5,13,0.05 * use + 0.03 * field + 0.03 * request + 0.03 * parameter + 0.03 * token
NMF,18,5,14,0.05 * use + 0.05 * api + 0.03 * call + 0.02 * specify + 0.02 * operation
NMF,18,5,15,0.06 * account + 0.05 * true + 0.04 * boolean_admin + 0.04 * group + 0.02 * envelope
NMF,18,5,16,0.05 * list + 0.05 * get + 0.04 * service + 0.03 * value + 0.02 * resource
NMF,18,5,17,0.12 * user + 0.04 * email + 0.03 * value + 0.03 * true + 0.02 * access
LDA,19,5,0,0.03 * stream + 0.03 * date + 0.03 * current + 0.02 * task + 0.02 * start
LDA,19,5,1,0.07 * return + 0.06 * type + 0.04 * template + 0.04 * parameter + 0.03 * query
LDA,19,5,2,0.10 * route + 0.06 * item + 0.05 * category + 0.05 * information + 0.02 * second
LDA,19,5,3,0.07 * get + 0.04 * order + 0.03 * list + 0.02 * return + 0.02 * use
LDA,19,5,4,0.11 * team + 0.09 * route + 0.03 * use + 0.03 * issue + 0.02 * endpoint
LDA,19,5,5,0.03 * value + 0.03 * comment + 0.03 * entry + 0.03 * type + 0.02 * create
LDA,19,5,6,0.06 * email + 0.04 * account + 0.03 * address + 0.03 * payment + 0.02 * send
LDA,19,5,7,0.07 * user + 0.05 * group + 0.04 * add + 0.04 * endpoint + 0.03 * update
LDA,19,5,8,0.05 * node + 0.04 * contact + 0.04 * remove + 0.03 * delete + 0.03 * import
LDA,19,5,9,0.06 * recipient + 0.05 * registration + 0.04 * create + 0.03 * object + 0.03 * bus
LDA,19,5,10,0.08 * return + 0.06 * single + 0.04 * list + 0.04 * country + 0.04 * job
LDA,19,5,11,0.04 * title + 0.04 * create + 0.04 * product + 0.03 * new + 0.03 * associate
LDA,19,5,12,0.08 * user + 0.06 * key + 0.05 * access + 0.04 * information + 0.03 * contain
LDA,19,5,13,0.04 * file + 0.04 * request + 0.03 * use + 0.03 * post + 0.03 * user
LDA,19,5,14,0.05 * search + 0.05 * field + 0.04 * feature + 0.03 * tag + 0.03 * link
LDA,19,5,15,0.05 * api + 0.04 * use + 0.03 * call + 0.03 * request + 0.02 * show
LDA,19,5,16,0.08 * -PRON- + 0.08 * would + 0.04 * return + 0.04 * delete + 0.03 * request
LDA,19,5,17,0.07 * invoice + 0.03 * project + 0.03 * subscription + 0.03 * service + 0.03 * rate
LDA,19,5,18,0.06 * wish + 0.04 * record + 0.03 * enable + 0.02 * log + 0.02 * retrieve
LSA,19,5,0,0.42 * account + 0.38 * true + 0.30 * use + 0.25 * boolean_admin + 0.23 * value
LSA,19,5,1,-0.35 * account + -0.28 * true + -0.24 * boolean_admin + 0.22 * return + 0.21 * field
LSA,19,5,2,-0.60 * value + 0.24 * use + -0.20 * customer + -0.17 * false + 0.17 * request
LSA,19,5,3,0.50 * field + -0.32 * user + -0.24 * node + -0.23 * return + 0.22 * search
LSA,19,5,4,-0.34 * user + 0.29 * node + -0.22 * create + -0.22 * email + 0.20 * return
LSA,19,5,5,-0.58 * user + 0.25 * create + 0.25 * subscription + 0.24 * file + 0.19 * call
LSA,19,5,6,-0.37 * email + -0.28 * request + 0.24 * filter + 0.22 * subscription + 0.22 * would
LSA,19,5,7,0.46 * route + -0.38 * node + 0.31 * return + 0.29 * alternate + -0.27 * file
LSA,19,5,8,-0.51 * file + -0.33 * route + 0.25 * email + -0.22 * folder + -0.20 * alternate
LSA,19,5,9,-0.49 * route + -0.43 * node + -0.32 * alternate + -0.26 * email + -0.22 * field
LSA,19,5,10,-0.38 * node + -0.37 * use + 0.27 * subscription + 0.19 * call + 0.18 * group
LSA,19,5,11,0.61 * string + -0.25 * value + 0.24 * stre + 0.21 * email + 0.18 * file
LSA,19,5,12,0.30 * request + -0.30 * email + 0.22 * order + -0.21 * specify + -0.19 * filter
LSA,19,5,13,-0.31 * file + -0.29 * use + -0.25 * order + 0.22 * request + -0.20 * key
LSA,19,5,14,0.35 * order + -0.27 * would + -0.26 * -PRON- + -0.24 * endpoint + -0.21 * key
LSA,19,5,15,-0.43 * team + -0.37 * group + -0.20 * specify + 0.20 * user + -0.19 * organization
LSA,19,5,16,-0.24 * request + 0.22 * object + -0.21 * status + 0.21 * api + 0.20 * post
LSA,19,5,17,-0.49 * specify + 0.27 * post + 0.27 * type + 0.22 * group + -0.21 * track
LSA,19,5,18,0.35 * service + -0.31 * create + 0.21 * key + 0.20 * account + 0.19 * object
NMF,19,5,0,0.05 * request + 0.04 * type + 0.03 * service + 0.02 * parameter + 0.02 * application
NMF,19,5,1,0.07 * update + 0.04 * request + 0.03 * account + 0.02 * new + 0.02 * email
NMF,19,5,2,0.05 * list + 0.05 * request + 0.04 * return + 0.04 * api + 0.03 * route
NMF,19,5,3,0.08 * account + 0.07 * true + 0.05 * boolean_admin + 0.03 * envelope + 0.02 * docusign
NMF,19,5,4,0.08 * return + 0.02 * version + 0.02 * call + 0.02 * schedule + 0.02 * object
NMF,19,5,5,0.04 * user + 0.04 * email + 0.04 * file + 0.03 * set + 0.02 * value
NMF,19,5,6,0.12 * delete + 0.03 * operation + 0.02 * status + 0.02 * pool + 0.01 * email
NMF,19,5,7,0.08 * value + 0.05 * node + 0.05 * filter + 0.03 * name + 0.02 * type
NMF,19,5,8,0.10 * key + 0.03 * object + 0.03 * contain + 0.02 * return + 0.02 * link
NMF,19,5,9,0.08 * node + 0.04 * service + 0.03 * pool + 0.02 * specify + 0.02 * state
NMF,19,5,10,0.13 * search + 0.03 * result + 0.03 * api + 0.03 * get + 0.02 * query
NMF,19,5,11,0.13 * health + 0.06 * report + 0.04 * store + 0.03 * filter + 0.03 * service
NMF,19,5,12,0.11 * field + 0.07 * name + 0.04 * set + 0.03 * image + 0.02 * result
NMF,19,5,13,0.08 * user + 0.04 * use + 0.03 * team + 0.02 * access + 0.02 * api
NMF,19,5,14,0.09 * group + 0.03 * information + 0.03 * user + 0.03 * endpoint + 0.03 * node
NMF,19,5,15,0.09 * create + 0.05 * use + 0.03 * subscription + 0.03 * must + 0.03 * call
NMF,19,5,16,0.04 * get + 0.04 * list + 0.03 * value + 0.03 * information + 0.03 * name
NMF,19,5,17,0.07 * use + 0.02 * report + 0.02 * field + 0.02 * api + 0.02 * endpoint
NMF,19,5,18,0.08 * specify + 0.04 * track + 0.02 * value + 0.02 * string + 0.02 * bundle
LDA,20,5,0,0.06 * tag + 0.05 * add + 0.05 * item + 0.03 * title + 0.03 * list
LDA,20,5,1,0.05 * parameter + 0.04 * feature + 0.04 * template + 0.03 * return + 0.03 * status
LDA,20,5,2,0.06 * get + 0.06 * show + 0.04 * profile + 0.04 * information + 0.04 * category
LDA,20,5,3,0.04 * email + 0.04 * address + 0.03 * use + 0.02 * field + 0.02 * message
LDA,20,5,4,0.08 * email + 0.07 * order + 0.06 * retrieve + 0.04 * date + 0.03 * string
LDA,20,5,5,0.09 * -PRON- + 0.09 * would + 0.04 * return + 0.03 * user + 0.02 * group
LDA,20,5,6,0.03 * type + 0.03 * payment + 0.03 * use + 0.03 * account + 0.02 * return
LDA,20,5,7,0.04 * endpoint + 0.03 * account + 0.02 * use + 0.02 * user + 0.02 * return
LDA,20,5,8,0.15 * route + 0.06 * entry + 0.04 * contact + 0.04 * import + 0.03 * pool
LDA,20,5,9,0.05 * create + 0.05 * repository + 0.04 * record + 0.04 * registration + 0.04 * recipient
LDA,20,5,10,0.22 * post + 0.08 * job + 0.07 * country + 0.04 * assign + 0.04 * function
LDA,20,5,11,0.11 * invoice + 0.04 * token + 0.03 * api + 0.02 * create + 0.02 * access
LDA,20,5,12,0.13 * user + 0.05 * access + 0.04 * permission + 0.04 * key + 0.03 * information
LDA,20,5,13,0.07 * file + 0.03 * api + 0.02 * use + 0.02 * upload + 0.02 * user
LDA,20,5,14,0.08 * search + 0.04 * link + 0.04 * filter + 0.03 * list + 0.03 * datum
LDA,20,5,15,0.05 * request + 0.04 * object + 0.04 * return + 0.03 * information + 0.02 * organization
LDA,20,5,16,0.06 * delete + 0.04 * project + 0.03 * field + 0.03 * request + 0.02 * would
LDA,20,5,17,0.04 * field + 0.03 * array + 0.03 * description + 0.03 * wish + 0.02 * rate
LDA,20,5,18,0.04 * setting + 0.04 * schedule + 0.03 * document + 0.03 * run + 0.03 * allow
LDA,20,5,19,0.07 * ip + 0.05 * value + 0.04 * group + 0.03 * url + 0.02 * limit
LSA,20,5,0,-0.42 * account + -0.38 * true + -0.30 * use + -0.25 * boolean_admin + -0.23 * value
LSA,20,5,1,0.35 * account + 0.28 * true + 0.24 * boolean_admin + -0.22 * return + -0.21 * field
LSA,20,5,2,-0.60 * value + 0.24 * use + -0.20 * customer + -0.17 * false + 0.17 * request
LSA,20,5,3,-0.50 * field + 0.32 * user + 0.24 * node + 0.23 * return + -0.22 * search
LSA,20,5,4,0.34 * user + -0.29 * node + 0.22 * create + 0.22 * email + -0.20 * return
LSA,20,5,5,-0.58 * user + 0.25 * create + 0.25 * subscription + 0.24 * file + 0.19 * call
LSA,20,5,6,0.37 * email + 0.28 * request + -0.24 * filter + -0.22 * subscription + -0.22 * would
LSA,20,5,7,-0.46 * route + 0.38 * node + -0.31 * return + -0.29 * alternate + 0.27 * file
LSA,20,5,8,-0.51 * file + -0.33 * route + 0.25 * email + -0.22 * folder + -0.20 * alternate
LSA,20,5,9,0.49 * route + 0.43 * node + 0.32 * alternate + 0.26 * email + 0.22 * field
LSA,20,5,10,0.38 * node + 0.37 * use + -0.27 * subscription + -0.18 * call + -0.18 * group
LSA,20,5,11,0.61 * string + -0.25 * value + 0.24 * stre + 0.21 * email + 0.18 * file
LSA,20,5,12,0.30 * request + -0.30 * email + 0.22 * order + -0.21 * specify + 0.19 * key
LSA,20,5,13,-0.31 * file + -0.29 * use + -0.25 * order + 0.22 * request + -0.20 * key
LSA,20,5,14,-0.35 * order + 0.27 * would + 0.26 * -PRON- + 0.24 * endpoint + 0.21 * key
LSA,20,5,15,-0.43 * team + -0.37 * group + -0.20 * specify + 0.20 * user + -0.19 * organization
LSA,20,5,16,-0.24 * request + 0.22 * object + -0.21 * status + 0.21 * api + 0.20 * post
LSA,20,5,17,0.49 * specify + -0.28 * post + -0.27 * type + -0.22 * group + 0.21 * track
LSA,20,5,18,-0.35 * service + 0.31 * create + -0.21 * key + -0.20 * account + -0.19 * object
LSA,20,5,19,-0.31 * create + 0.30 * return + -0.27 * delete + -0.25 * key + 0.22 * node
NMF,20,5,0,0.06 * create + 0.06 * cluster + 0.06 * application + 0.04 * node + 0.03 * service
NMF,20,5,1,0.09 * report + 0.04 * health + 0.03 * store + 0.03 * key + 0.02 * restore
NMF,20,5,2,0.08 * field + 0.06 * name + 0.04 * value + 0.03 * set + 0.02 * string
NMF,20,5,3,0.09 * file + 0.03 * folder + 0.03 * create + 0.02 * new + 0.02 * upload
NMF,20,5,4,0.04 * create + 0.04 * api + 0.04 * information + 0.03 * see + 0.03 * endpoint
NMF,20,5,5,0.07 * true + 0.06 * account + 0.04 * value + 0.04 * boolean_admin + 0.03 * string
NMF,20,5,6,0.09 * specify + 0.05 * value + 0.03 * filter + 0.02 * health + 0.02 * track
NMF,20,5,7,0.10 * pool + 0.03 * user + 0.03 * task + 0.03 * ip + 0.02 * run
NMF,20,5,8,0.08 * use + 0.03 * token + 0.02 * order + 0.02 * optional + 0.02 * access
NMF,20,5,9,0.09 * type + 0.05 * return + 0.03 * application + 0.02 * page + 0.01 * information
NMF,20,5,10,0.08 * account + 0.05 * true + 0.05 * boolean_admin + 0.04 * use + 0.04 * set
NMF,20,5,11,0.08 * key + 0.04 * group + 0.03 * return + 0.03 * object + 0.03 * contain
NMF,20,5,12,0.12 * user + 0.06 * would + 0.06 * -PRON- + 0.05 * list + 0.02 * route
NMF,20,5,13,0.05 * value + 0.04 * resource + 0.03 * file + 0.03 * group + 0.02 * customer
NMF,20,5,14,0.15 * node + 0.04 * value + 0.02 * filter + 0.02 * link + 0.02 * add
NMF,20,5,15,0.06 * filter + 0.03 * search + 0.03 * list + 0.03 * return + 0.02 * value
NMF,20,5,16,0.11 * get + 0.06 * service + 0.02 * route + 0.02 * endpoint + 0.01 * specific
NMF,20,5,17,0.07 * request + 0.03 * return + 0.03 * user + 0.02 * parameter + 0.02 * may
NMF,20,5,18,0.15 * delete + 0.04 * status + 0.03 * certificate + 0.02 * operation + 0.02 * envelope
NMF,20,5,19,0.09 * api + 0.06 * search + 0.03 * field + 0.03 * service + 0.02 * list
