LDA,2,5,0,0.02 * use + 0.02 * request + 0.01 * specify + 0.01 * create + 0.01 * return
LDA,2,5,1,0.03 * return + 0.02 * user + 0.01 * list + 0.01 * use + 0.01 * information
LSA,2,5,0,0.43 * account + 0.40 * true + 0.32 * use + 0.26 * value + 0.22 * set
LSA,2,5,1,-0.41 * account + -0.33 * true + 0.23 * field + 0.23 * return + 0.22 * name
NMF,2,5,0,0.04 * account + 0.04 * use + 0.04 * true + 0.02 * set + 0.02 * envelope
NMF,2,5,1,0.03 * value + 0.02 * name + 0.02 * field + 0.02 * user + 0.01 * request
LDA,3,5,0,0.02 * use + 0.02 * request + 0.01 * create + 0.01 * return + 0.01 * specify
LDA,3,5,1,0.03 * return + 0.02 * user + 0.02 * list + 0.02 * use + 0.01 * field
LDA,3,5,2,0.02 * user + 0.02 * account + 0.02 * request + 0.02 * email + 0.01 * payment
LSA,3,5,0,0.43 * account + 0.40 * true + 0.32 * use + 0.26 * value + 0.22 * set
LSA,3,5,1,-0.41 * account + -0.33 * true + 0.23 * field + 0.23 * return + 0.22 * name
LSA,3,5,2,0.61 * value + -0.26 * use + 0.20 * customer + -0.19 * request + 0.18 * false
NMF,3,5,0,0.06 * value + 0.03 * filter + 0.03 * name + 0.02 * field + 0.02 * list
NMF,3,5,1,0.03 * use + 0.02 * user + 0.02 * request + 0.02 * create + 0.02 * return
NMF,3,5,2,0.07 * account + 0.06 * true + 0.03 * use + 0.03 * envelope + 0.03 * set
LDA,4,5,0,0.02 * use + 0.02 * request + 0.01 * create + 0.01 * update + 0.01 * specify
LDA,4,5,1,0.03 * return + 0.02 * field + 0.02 * list + 0.02 * type + 0.01 * string
LDA,4,5,2,0.02 * account + 0.02 * request + 0.01 * user + 0.01 * payment + 0.01 * use
LDA,4,5,3,0.03 * user + 0.03 * information + 0.03 * use + 0.02 * invoice + 0.02 * return
LSA,4,5,0,0.43 * account + 0.40 * true + 0.32 * use + 0.26 * value + 0.22 * set
LSA,4,5,1,-0.41 * account + -0.33 * true + 0.23 * field + 0.23 * return + 0.22 * name
LSA,4,5,2,-0.61 * value + 0.26 * use + -0.20 * customer + 0.19 * request + -0.18 * false
LSA,4,5,3,0.53 * field + -0.38 * user + -0.25 * return + 0.18 * set + 0.18 * search
NMF,4,5,0,0.06 * account + 0.06 * true + 0.04 * value + 0.03 * use + 0.03 * user
NMF,4,5,1,0.06 * field + 0.05 * name + 0.02 * value + 0.02 * search + 0.02 * information
NMF,4,5,2,0.05 * return + 0.02 * specify + 0.02 * type + 0.02 * filter + 0.02 * group
NMF,4,5,3,0.04 * use + 0.03 * create + 0.02 * user + 0.02 * request + 0.02 * key
LDA,5,5,0,0.02 * create + 0.02 * update + 0.02 * delete + 0.02 * route + 0.02 * file
LDA,5,5,1,0.03 * return + 0.02 * field + 0.02 * list + 0.02 * type + 0.02 * email
LDA,5,5,2,0.03 * account + 0.02 * request + 0.02 * payment + 0.02 * use + 0.01 * user
LDA,5,5,3,0.03 * information + 0.03 * use + 0.03 * user + 0.03 * invoice + 0.02 * return
LDA,5,5,4,0.03 * request + 0.02 * return + 0.02 * use + 0.01 * order + 0.01 * user
LSA,5,5,0,0.43 * account + 0.40 * true + 0.32 * use + 0.26 * value + 0.22 * set
LSA,5,5,1,-0.41 * account + -0.33 * true + 0.23 * field + 0.23 * return + 0.22 * name
LSA,5,5,2,-0.61 * value + 0.26 * use + -0.20 * customer + 0.19 * request + -0.18 * false
LSA,5,5,3,0.53 * field + -0.38 * user + -0.25 * return + 0.18 * set + 0.18 * search
LSA,5,5,4,0.32 * create + -0.26 * return + 0.24 * user + 0.22 * subscription + 0.20 * use
NMF,5,5,0,0.07 * account + 0.06 * true + 0.03 * envelope + 0.02 * set + 0.02 * document
NMF,5,5,1,0.05 * use + 0.04 * account + 0.04 * group + 0.02 * list + 0.02 * service
NMF,5,5,2,0.06 * value + 0.05 * user + 0.03 * name + 0.02 * true + 0.02 * set
NMF,5,5,3,0.03 * use + 0.02 * request + 0.02 * return + 0.02 * create + 0.02 * parameter
NMF,5,5,4,0.05 * return + 0.05 * key + 0.03 * contain + 0.03 * request + 0.03 * object
LDA,6,5,0,0.02 * update + 0.02 * use + 0.02 * create + 0.02 * specify + 0.02 * note
LDA,6,5,1,0.03 * return + 0.03 * field + 0.02 * list + 0.02 * string + 0.01 * use
LDA,6,5,2,0.03 * email + 0.03 * account + 0.02 * payment + 0.02 * user + 0.02 * create
LDA,6,5,3,0.04 * user + 0.03 * invoice + 0.03 * information + 0.03 * use + 0.03 * return
LDA,6,5,4,0.03 * return + 0.02 * request + 0.02 * use + 0.01 * search + 0.01 * would
LDA,6,5,5,0.04 * file + 0.03 * return + 0.03 * route + 0.02 * type + 0.02 * request
LSA,6,5,0,0.43 * account + 0.40 * true + 0.32 * use + 0.26 * value + 0.22 * set
LSA,6,5,1,-0.41 * account + -0.33 * true + 0.23 * field + 0.23 * return + 0.22 * name
LSA,6,5,2,0.61 * value + -0.26 * use + 0.20 * customer + -0.19 * request + 0.18 * false
LSA,6,5,3,0.53 * field + -0.38 * user + -0.25 * return + 0.18 * set + 0.18 * search
LSA,6,5,4,0.32 * create + -0.26 * return + 0.24 * user + 0.22 * subscription + 0.20 * use
LSA,6,5,5,0.65 * user + -0.29 * file + 0.20 * field + -0.20 * subscription + -0.19 * create
NMF,6,5,0,0.09 * account + 0.07 * true + 0.03 * envelope + 0.03 * use + 0.03 * set
NMF,6,5,1,0.04 * key + 0.04 * create + 0.03 * user + 0.03 * use + 0.01 * request
NMF,6,5,2,0.05 * return + 0.04 * request + 0.02 * parameter + 0.02 * response + 0.02 * contain
NMF,6,5,3,0.05 * group + 0.04 * information + 0.04 * resource + 0.03 * file + 0.03 * name
NMF,6,5,4,0.04 * use + 0.04 * specify + 0.03 * application + 0.03 * service + 0.03 * health
NMF,6,5,5,0.07 * value + 0.05 * user + 0.04 * field + 0.03 * name + 0.02 * filter
LDA,7,5,0,0.02 * update + 0.02 * use + 0.02 * value + 0.02 * filter + 0.02 * create
LDA,7,5,1,0.04 * return + 0.03 * invoice + 0.03 * list + 0.03 * field + 0.02 * string
LDA,7,5,2,0.03 * email + 0.03 * account + 0.03 * request + 0.03 * user + 0.02 * address
LDA,7,5,3,0.04 * user + 0.04 * information + 0.03 * use + 0.03 * return + 0.03 * team
LDA,7,5,4,0.02 * request + 0.02 * return + 0.02 * use + 0.02 * call + 0.01 * run
LDA,7,5,5,0.05 * file + 0.03 * return + 0.03 * request + 0.02 * customer + 0.02 * type
LDA,7,5,6,0.03 * use + 0.02 * access + 0.02 * payment + 0.02 * feature + 0.02 * create
LSA,7,5,0,0.43 * account + 0.40 * true + 0.32 * use + 0.26 * value + 0.22 * set
LSA,7,5,1,-0.41 * account + -0.33 * true + 0.23 * field + 0.23 * return + 0.22 * name
LSA,7,5,2,-0.61 * value + 0.26 * use + -0.20 * customer + 0.19 * request + -0.18 * false
LSA,7,5,3,-0.53 * field + 0.38 * user + 0.25 * return + -0.18 * set + -0.18 * search
LSA,7,5,4,0.32 * create + -0.26 * return + 0.24 * user + 0.22 * subscription + 0.20 * use
LSA,7,5,5,-0.65 * user + 0.29 * file + -0.20 * field + 0.20 * subscription + 0.19 * create
LSA,7,5,6,0.38 * email + -0.32 * filter + 0.30 * file + 0.28 * request + -0.22 * use
NMF,7,5,0,0.05 * field + 0.04 * use + 0.03 * list + 0.03 * search + 0.03 * name
NMF,7,5,1,0.06 * return + 0.04 * request + 0.03 * delete + 0.03 * key + 0.03 * list
NMF,7,5,2,0.08 * file + 0.04 * node + 0.03 * folder + 0.03 * type + 0.02 * application
NMF,7,5,3,0.09 * value + 0.04 * name + 0.03 * filter + 0.03 * user + 0.02 * customer
NMF,7,5,4,0.05 * use + 0.05 * create + 0.04 * user + 0.02 * request + 0.01 * must
NMF,7,5,5,0.09 * account + 0.08 * true + 0.03 * envelope + 0.03 * set + 0.02 * document
NMF,7,5,6,0.05 * information + 0.05 * specify + 0.02 * report + 0.01 * get + 0.01 * must
LDA,8,5,0,0.03 * wish + 0.03 * route + 0.02 * use + 0.02 * value + 0.02 * number
LDA,8,5,1,0.04 * return + 0.03 * invoice + 0.03 * list + 0.02 * user + 0.02 * type
LDA,8,5,2,0.03 * account + 0.03 * request + 0.02 * object + 0.02 * user + 0.02 * payment
LDA,8,5,3,0.03 * information + 0.03 * return + 0.03 * user + 0.03 * key + 0.03 * group
LDA,8,5,4,0.02 * email + 0.02 * use + 0.02 * request + 0.02 * post + 0.01 * user
LDA,8,5,5,0.05 * file + 0.04 * request + 0.03 * return + 0.02 * customer + 0.02 * show
LDA,8,5,6,0.03 * access + 0.02 * feature + 0.02 * use + 0.02 * delete + 0.02 * create
LDA,8,5,7,0.03 * create + 0.03 * return + 0.03 * detail + 0.03 * specific + 0.02 * registration
LSA,8,5,0,0.43 * account + 0.40 * true + 0.32 * use + 0.26 * value + 0.22 * set
LSA,8,5,1,-0.41 * account + -0.33 * true + 0.23 * field + 0.23 * return + 0.22 * name
LSA,8,5,2,-0.61 * value + 0.26 * use + -0.20 * customer + 0.19 * request + -0.18 * false
LSA,8,5,3,0.53 * field + -0.38 * user + -0.25 * return + 0.18 * set + 0.18 * search
LSA,8,5,4,0.32 * create + -0.26 * return + 0.24 * user + 0.22 * subscription + 0.20 * use
LSA,8,5,5,-0.65 * user + 0.29 * file + -0.20 * field + 0.20 * subscription + 0.19 * create
LSA,8,5,6,-0.38 * email + 0.32 * filter + -0.30 * file + -0.28 * request + 0.22 * use
LSA,8,5,7,0.54 * file + -0.34 * email + 0.27 * name + 0.23 * folder + 0.20 * user
NMF,8,5,0,0.06 * service + 0.06 * application + 0.04 * node + 0.02 * health + 0.02 * information
NMF,8,5,1,0.07 * return + 0.05 * request + 0.02 * error + 0.02 * contain + 0.02 * specify
NMF,8,5,2,0.07 * field + 0.04 * name + 0.04 * use + 0.03 * set + 0.03 * search
NMF,8,5,3,0.06 * user + 0.03 * specify + 0.02 * image + 0.02 * file + 0.02 * container
NMF,8,5,4,0.07 * true + 0.06 * account + 0.03 * value + 0.03 * user + 0.03 * envelope
NMF,8,5,5,0.06 * use + 0.05 * create + 0.02 * account + 0.02 * subscription + 0.02 * order
NMF,8,5,6,0.07 * value + 0.04 * list + 0.04 * filter + 0.03 * user + 0.02 * customer
NMF,8,5,7,0.10 * key + 0.04 * account + 0.03 * operation + 0.02 * use + 0.02 * true
LDA,9,5,0,0.03 * filter + 0.03 * wish + 0.03 * value + 0.02 * use + 0.02 * specify
LDA,9,5,1,0.04 * return + 0.03 * field + 0.03 * list + 0.02 * type + 0.02 * user
LDA,9,5,2,0.04 * request + 0.04 * account + 0.03 * user + 0.02 * set + 0.02 * may
LDA,9,5,3,0.05 * invoice + 0.04 * information + 0.03 * use + 0.03 * user + 0.03 * group
LDA,9,5,4,0.02 * request + 0.02 * repository + 0.02 * use + 0.02 * post + 0.01 * return
LDA,9,5,5,0.06 * file + 0.04 * route + 0.03 * return + 0.03 * request + 0.02 * upload
LDA,9,5,6,0.05 * email + 0.03 * use + 0.03 * access + 0.02 * order + 0.02 * payment
LDA,9,5,7,0.03 * specific + 0.03 * create + 0.02 * registration + 0.02 * type + 0.02 * entry
LDA,9,5,8,0.04 * create + 0.03 * customer + 0.03 * template + 0.03 * rate + 0.02 * project
LSA,9,5,0,0.43 * account + 0.40 * true + 0.32 * use + 0.26 * value + 0.22 * set
LSA,9,5,1,-0.41 * account + -0.33 * true + 0.23 * field + 0.23 * return + 0.22 * name
LSA,9,5,2,-0.61 * value + 0.26 * use + -0.20 * customer + 0.19 * request + -0.18 * false
LSA,9,5,3,0.53 * field + -0.38 * user + -0.25 * return + 0.18 * set + 0.18 * search
LSA,9,5,4,-0.32 * create + 0.26 * return + -0.24 * user + -0.22 * subscription + -0.20 * use
LSA,9,5,5,-0.65 * user + 0.29 * file + -0.20 * field + 0.20 * subscription + 0.19 * create
LSA,9,5,6,0.38 * email + -0.32 * filter + 0.30 * file + 0.28 * request + -0.22 * use
LSA,9,5,7,-0.54 * file + 0.34 * email + -0.27 * name + -0.23 * folder + -0.20 * user
LSA,9,5,8,-0.37 * subscription + 0.30 * use + -0.28 * create + 0.27 * file + -0.25 * call
NMF,9,5,0,0.04 * specify + 0.03 * use + 0.03 * parameter + 0.02 * field + 0.02 * request
NMF,9,5,1,0.06 * file + 0.05 * name + 0.03 * value + 0.03 * use + 0.02 * image
NMF,9,5,2,0.11 * user + 0.03 * email + 0.02 * specify + 0.02 * allow + 0.02 * true
NMF,9,5,3,0.07 * key + 0.03 * update + 0.03 * object + 0.02 * group + 0.02 * contain
NMF,9,5,4,0.05 * node + 0.04 * pool + 0.04 * request + 0.03 * task + 0.02 * remove
NMF,9,5,5,0.05 * true + 0.05 * account + 0.04 * set + 0.04 * value + 0.03 * field
NMF,9,5,6,0.07 * account + 0.07 * use + 0.05 * true + 0.02 * envelope + 0.02 * document
NMF,9,5,7,0.06 * return + 0.03 * value + 0.03 * filter + 0.03 * list + 0.02 * contain
NMF,9,5,8,0.10 * service + 0.05 * application + 0.05 * delete + 0.03 * create + 0.02 * type
LDA,10,5,0,0.03 * use + 0.02 * value + 0.02 * wish + 0.02 * request + 0.02 * filter
LDA,10,5,1,0.04 * return + 0.04 * field + 0.03 * user + 0.03 * email + 0.02 * list
LDA,10,5,2,0.03 * account + 0.02 * order + 0.02 * route + 0.02 * user + 0.02 * schedule
LDA,10,5,3,0.05 * user + 0.04 * information + 0.03 * use + 0.03 * return + 0.03 * key
LDA,10,5,4,0.03 * request + 0.02 * repository + 0.02 * record + 0.02 * return + 0.02 * use
LDA,10,5,5,0.08 * file + 0.03 * show + 0.03 * image + 0.02 * content + 0.02 * upload
LDA,10,5,6,0.03 * payment + 0.03 * access + 0.03 * note + 0.02 * operation + 0.02 * order
LDA,10,5,7,0.10 * invoice + 0.05 * create + 0.03 * specify + 0.03 * detail + 0.03 * specific
LDA,10,5,8,0.04 * create + 0.03 * use + 0.03 * account + 0.03 * customer + 0.02 * template
LDA,10,5,9,0.06 * type + 0.05 * return + 0.03 * contain + 0.03 * response + 0.02 * rate
LSA,10,5,0,0.43 * account + 0.40 * true + 0.32 * use + 0.26 * value + 0.22 * set
LSA,10,5,1,0.41 * account + 0.33 * true + -0.23 * field + -0.23 * return + -0.22 * name
LSA,10,5,2,0.61 * value + -0.26 * use + 0.20 * customer + -0.19 * request + 0.18 * false
LSA,10,5,3,0.53 * field + -0.38 * user + -0.25 * return + 0.18 * set + 0.18 * search
LSA,10,5,4,0.32 * create + -0.26 * return + 0.24 * user + 0.22 * subscription + 0.20 * use
LSA,10,5,5,-0.65 * user + 0.29 * file + -0.20 * field + 0.20 * subscription + 0.19 * create
LSA,10,5,6,0.38 * email + -0.32 * filter + 0.30 * file + 0.28 * request + -0.22 * use
LSA,10,5,7,-0.54 * file + 0.34 * email + -0.27 * name + -0.23 * folder + -0.20 * user
LSA,10,5,8,0.37 * subscription + -0.30 * use + 0.28 * create + -0.27 * file + 0.25 * call
LSA,10,5,9,-0.55 * string + -0.27 * order + 0.25 * value + -0.24 * stre + -0.23 * email
NMF,10,5,0,0.09 * value + 0.06 * name + 0.03 * filter + 0.03 * user + 0.02 * field
NMF,10,5,1,0.10 * account + 0.04 * true + 0.04 * set + 0.04 * use + 0.03 * envelope
NMF,10,5,2,0.10 * user + 0.03 * service + 0.02 * information + 0.02 * report + 0.02 * list
NMF,10,5,3,0.11 * delete + 0.04 * operation + 0.02 * status + 0.02 * node + 0.02 * report
NMF,10,5,4,0.05 * file + 0.04 * type + 0.03 * application + 0.03 * group + 0.02 * pool
NMF,10,5,5,0.06 * specify + 0.05 * return + 0.03 * key + 0.03 * use + 0.02 * filter
NMF,10,5,6,0.08 * true + 0.06 * account + 0.03 * envelope + 0.02 * recipient + 0.02 * use
NMF,10,5,7,0.07 * create + 0.03 * information + 0.02 * subscription + 0.02 * update + 0.02 * call
NMF,10,5,8,0.07 * request + 0.05 * return + 0.02 * result + 0.02 * search + 0.02 * parameter
NMF,10,5,9,0.07 * use + 0.05 * field + 0.05 * file + 0.02 * response + 0.02 * token
LDA,11,5,0,0.04 * filter + 0.03 * value + 0.02 * contain + 0.02 * may + 0.02 * report
LDA,11,5,1,0.04 * field + 0.03 * user + 0.03 * return + 0.03 * email + 0.02 * object
LDA,11,5,2,0.05 * account + 0.02 * user + 0.02 * schedule + 0.02 * order + 0.02 * email
LDA,11,5,3,0.05 * information + 0.04 * return + 0.04 * group + 0.03 * user + 0.03 * list
LDA,11,5,4,0.02 * request + 0.02 * use + 0.02 * node + 0.02 * title + 0.02 * group
LDA,11,5,5,0.09 * file + 0.03 * image + 0.03 * upload + 0.02 * return + 0.02 * content
LDA,11,5,6,0.03 * delete + 0.03 * access + 0.03 * operation + 0.02 * note + 0.02 * must
LDA,11,5,7,0.04 * update + 0.04 * detail + 0.03 * registration + 0.03 * return + 0.03 * create
LDA,11,5,8,0.05 * route + 0.04 * create + 0.04 * station + 0.04 * template + 0.04 * team
LDA,11,5,9,0.09 * invoice + 0.08 * type + 0.04 * search + 0.03 * return + 0.03 * feature
LDA,11,5,10,0.06 * request + 0.04 * use + 0.03 * return + 0.02 * wish + 0.02 * post
LSA,11,5,0,0.43 * account + 0.40 * true + 0.32 * use + 0.26 * value + 0.22 * set
LSA,11,5,1,-0.41 * account + -0.33 * true + 0.23 * field + 0.23 * return + 0.22 * name
LSA,11,5,2,-0.61 * value + 0.26 * use + -0.20 * customer + 0.19 * request + -0.18 * false
LSA,11,5,3,0.53 * field + -0.38 * user + -0.25 * return + 0.18 * set + 0.18 * search
LSA,11,5,4,0.32 * create + -0.26 * return + 0.24 * user + 0.22 * subscription + 0.20 * use
LSA,11,5,5,0.65 * user + -0.29 * file + 0.20 * field + -0.20 * subscription + -0.19 * create
LSA,11,5,6,-0.38 * email + 0.32 * filter + -0.30 * file + -0.28 * request + 0.22 * use
LSA,11,5,7,0.54 * file + -0.34 * email + 0.27 * name + 0.23 * folder + 0.20 * user
LSA,11,5,8,-0.37 * subscription + 0.30 * use + -0.28 * create + 0.27 * file + -0.25 * call
LSA,11,5,9,-0.55 * string + -0.27 * order + 0.25 * value + -0.24 * stre + -0.23 * email
LSA,11,5,10,0.45 * route + -0.29 * use + 0.26 * alternate + 0.22 * group + 0.22 * return
NMF,11,5,0,0.05 * report + 0.05 * search + 0.05 * group + 0.02 * health + 0.02 * result
NMF,11,5,1,0.07 * key + 0.05 * list + 0.04 * group + 0.03 * filter + 0.03 * return
NMF,11,5,2,0.05 * user + 0.04 * application + 0.03 * use + 0.02 * must + 0.02 * health
NMF,11,5,3,0.07 * account + 0.06 * use + 0.06 * true + 0.03 * set + 0.03 * envelope
NMF,11,5,4,0.06 * return + 0.05 * request + 0.02 * parameter + 0.02 * type + 0.02 * response
NMF,11,5,5,0.11 * value + 0.03 * filter + 0.03 * customer + 0.03 * user + 0.03 * false
NMF,11,5,6,0.06 * account + 0.05 * true + 0.04 * create + 0.04 * user + 0.03 * envelope
NMF,11,5,7,0.07 * field + 0.04 * name + 0.04 * specify + 0.03 * update + 0.02 * use
NMF,11,5,8,0.08 * delete + 0.04 * pool + 0.03 * status + 0.03 * create + 0.02 * service
NMF,11,5,9,0.09 * file + 0.04 * node + 0.03 * folder + 0.03 * user + 0.02 * name
NMF,11,5,10,0.06 * service + 0.05 * information + 0.03 * create + 0.03 * get + 0.02 * use
LDA,12,5,0,0.04 * filter + 0.03 * wish + 0.03 * value + 0.02 * use + 0.02 * number
LDA,12,5,1,0.04 * field + 0.03 * user + 0.03 * return + 0.03 * string + 0.02 * list
LDA,12,5,2,0.06 * account + 0.05 * route + 0.03 * station + 0.03 * user + 0.02 * add
LDA,12,5,3,0.04 * information + 0.04 * user + 0.04 * team + 0.04 * group + 0.03 * key
LDA,12,5,4,0.05 * invoice + 0.02 * request + 0.02 * repository + 0.02 * run + 0.02 * note
LDA,12,5,5,0.10 * file + 0.03 * upload + 0.02 * image + 0.02 * show + 0.02 * content
LDA,12,5,6,0.10 * email + 0.03 * delete + 0.02 * use + 0.02 * page + 0.02 * require
LDA,12,5,7,0.05 * registration + 0.05 * detail + 0.04 * specific + 0.04 * create + 0.04 * return
LDA,12,5,8,0.06 * create + 0.04 * account + 0.03 * use + 0.03 * billing + 0.03 * customer
LDA,12,5,9,0.09 * type + 0.04 * return + 0.03 * template + 0.03 * entry + 0.02 * contain
LDA,12,5,10,0.05 * request + 0.04 * use + 0.04 * return + 0.02 * payment + 0.02 * call
LDA,12,5,11,0.06 * list + 0.05 * order + 0.05 * return + 0.02 * available + 0.02 * update
LSA,12,5,0,0.43 * account + 0.40 * true + 0.32 * use + 0.26 * value + 0.22 * set
LSA,12,5,1,0.41 * account + 0.33 * true + -0.23 * field + -0.23 * return + -0.22 * name
LSA,12,5,2,-0.61 * value + 0.26 * use + -0.20 * customer + 0.19 * request + -0.18 * false
LSA,12,5,3,-0.53 * field + 0.38 * user + 0.25 * return + -0.18 * set + -0.18 * search
LSA,12,5,4,-0.32 * create + 0.26 * return + -0.24 * user + -0.22 * subscription + -0.20 * use
LSA,12,5,5,-0.65 * user + 0.29 * file + -0.20 * field + 0.20 * subscription + 0.19 * create
LSA,12,5,6,0.38 * email + -0.32 * filter + 0.30 * file + 0.28 * request + -0.22 * use
LSA,12,5,7,-0.54 * file + 0.34 * email + -0.27 * name + -0.23 * folder + -0.20 * user
LSA,12,5,8,0.37 * subscription + -0.30 * use + 0.28 * create + -0.27 * file + 0.25 * call
LSA,12,5,9,0.55 * string + 0.27 * order + -0.25 * value + 0.24 * stre + 0.23 * email
LSA,12,5,10,-0.45 * route + 0.29 * use + -0.26 * alternate + -0.22 * group + -0.22 * return
LSA,12,5,11,-0.39 * request + 0.34 * email + 0.26 * filter + -0.20 * order + 0.18 * specify
NMF,12,5,0,0.09 * use + 0.02 * order + 0.02 * token + 0.02 * create + 0.02 * require
NMF,12,5,1,0.08 * field + 0.06 * search + 0.04 * name + 0.03 * result + 0.03 * parameter
NMF,12,5,2,0.07 * would + 0.03 * information + 0.03 * list + 0.03 * give + 0.02 * subscription
NMF,12,5,3,0.08 * account + 0.06 * true + 0.04 * envelope + 0.03 * set + 0.03 * document
NMF,12,5,4,0.13 * value + 0.05 * filter + 0.04 * name + 0.02 * customer + 0.02 * string
NMF,12,5,5,0.12 * user + 0.05 * key + 0.03 * email + 0.02 * name + 0.01 * address
NMF,12,5,6,0.04 * specify + 0.04 * health + 0.03 * return + 0.03 * payment + 0.02 * use
NMF,12,5,7,0.07 * true + 0.05 * account + 0.04 * use + 0.03 * specify + 0.03 * set
NMF,12,5,8,0.10 * group + 0.06 * delete + 0.03 * operation + 0.02 * pool + 0.02 * key
NMF,12,5,9,0.06 * file + 0.06 * return + 0.05 * type + 0.02 * folder + 0.02 * parameter
NMF,12,5,10,0.07 * request + 0.03 * return + 0.03 * create + 0.03 * response + 0.02 * file
NMF,12,5,11,0.11 * service + 0.03 * create + 0.03 * node + 0.03 * fabric + 0.02 * operation
LDA,13,5,0,0.04 * value + 0.04 * filter + 0.02 * use + 0.02 * report + 0.02 * true
LDA,13,5,1,0.05 * field + 0.04 * return + 0.03 * object + 0.03 * string + 0.02 * list
LDA,13,5,2,0.07 * account + 0.04 * user + 0.03 * schedule + 0.02 * add + 0.02 * tag
LDA,13,5,3,0.05 * key + 0.04 * information + 0.04 * user + 0.04 * group + 0.03 * use
LDA,13,5,4,0.03 * post + 0.02 * search + 0.02 * return + 0.02 * request + 0.02 * give
LDA,13,5,5,0.10 * file + 0.03 * upload + 0.03 * custom + 0.03 * image + 0.02 * content
LDA,13,5,6,0.08 * email + 0.05 * payment + 0.02 * charge + 0.02 * use + 0.02 * enable
LDA,13,5,7,0.05 * team + 0.05 * specify + 0.03 * status + 0.03 * update + 0.03 * create
LDA,13,5,8,0.06 * create + 0.04 * template + 0.04 * project + 0.03 * retrieve + 0.03 * registration
LDA,13,5,9,0.11 * type + 0.05 * customer + 0.03 * search + 0.03 * entry + 0.03 * day
LDA,13,5,10,0.07 * request + 0.04 * return + 0.04 * use + 0.02 * wish + 0.02 * contain
LDA,13,5,11,0.07 * list + 0.05 * order + 0.04 * return + 0.03 * update + 0.03 * operation
LDA,13,5,12,0.08 * invoice + 0.08 * user + 0.07 * access + 0.06 * route + 0.03 * information
LSA,13,5,0,0.43 * account + 0.40 * true + 0.32 * use + 0.26 * value + 0.22 * set
LSA,13,5,1,0.41 * account + 0.33 * true + -0.23 * field + -0.23 * return + -0.22 * name
LSA,13,5,2,0.61 * value + -0.26 * use + 0.20 * customer + -0.19 * request + 0.18 * false
LSA,13,5,3,-0.53 * field + 0.38 * user + 0.25 * return + -0.18 * set + -0.18 * search
LSA,13,5,4,-0.32 * create + 0.26 * return + -0.24 * user + -0.22 * subscription + -0.20 * use
LSA,13,5,5,0.65 * user + -0.29 * file + 0.20 * field + -0.20 * subscription + -0.19 * create
LSA,13,5,6,0.38 * email + -0.32 * filter + 0.30 * file + 0.28 * request + -0.22 * use
LSA,13,5,7,-0.54 * file + 0.34 * email + -0.27 * name + -0.23 * folder + -0.20 * user
LSA,13,5,8,-0.37 * subscription + 0.30 * use + -0.28 * create + 0.27 * file + -0.25 * call
LSA,13,5,9,-0.55 * string + -0.27 * order + 0.25 * value + -0.24 * stre + -0.23 * email
LSA,13,5,10,-0.45 * route + 0.29 * use + -0.26 * alternate + -0.22 * group + -0.22 * return
LSA,13,5,11,-0.39 * request + 0.34 * email + 0.26 * filter + -0.20 * order + 0.18 * specify
LSA,13,5,12,0.54 * route + 0.31 * alternate + -0.24 * specify + 0.22 * node + -0.19 * return
NMF,13,5,0,0.06 * application + 0.03 * return + 0.03 * parameter + 0.03 * type + 0.02 * job
NMF,13,5,1,0.06 * delete + 0.04 * specify + 0.03 * subscription + 0.02 * create + 0.02 * operation
NMF,13,5,2,0.11 * value + 0.05 * true + 0.04 * user + 0.03 * email + 0.03 * customer
NMF,13,5,3,0.11 * use + 0.04 * order + 0.03 * optional + 0.02 * health + 0.01 * ship
NMF,13,5,4,0.09 * report + 0.02 * store + 0.02 * health + 0.02 * update + 0.02 * group
NMF,13,5,5,0.10 * account + 0.08 * true + 0.04 * envelope + 0.02 * set + 0.02 * docusign
NMF,13,5,6,0.05 * request + 0.04 * search + 0.03 * return + 0.03 * result + 0.02 * list
NMF,13,5,7,0.09 * node + 0.06 * service + 0.04 * file + 0.03 * folder + 0.02 * name
NMF,13,5,8,0.06 * file + 0.05 * user + 0.02 * use + 0.02 * information + 0.02 * must
NMF,13,5,9,0.06 * create + 0.05 * field + 0.04 * account + 0.04 * set + 0.04 * use
NMF,13,5,10,0.07 * filter + 0.06 * group + 0.04 * list + 0.04 * value + 0.03 * name
NMF,13,5,11,0.07 * name + 0.07 * field + 0.03 * string + 0.03 * specify + 0.03 * search
NMF,13,5,12,0.09 * key + 0.05 * return + 0.03 * object + 0.03 * contain + 0.02 * link
LDA,14,5,0,0.04 * filter + 0.03 * use + 0.02 * datum + 0.02 * contain + 0.02 * number
LDA,14,5,1,0.05 * field + 0.04 * return + 0.03 * email + 0.03 * user + 0.03 * string
LDA,14,5,2,0.11 * account + 0.03 * schedule + 0.03 * address + 0.03 * add + 0.03 * order
LDA,14,5,3,0.06 * user + 0.05 * information + 0.04 * team + 0.03 * key + 0.03 * group
LDA,14,5,4,0.03 * request + 0.02 * repository + 0.02 * run + 0.02 * use + 0.02 * call
LDA,14,5,5,0.07 * file + 0.03 * show + 0.03 * user + 0.03 * object + 0.02 * upload
LDA,14,5,6,0.08 * payment + 0.03 * charge + 0.02 * use + 0.02 * method + 0.02 * specify
LDA,14,5,7,0.04 * specific + 0.04 * return + 0.04 * specify + 0.04 * detail + 0.03 * date
LDA,14,5,8,0.06 * template + 0.04 * create + 0.04 * customer + 0.03 * bus + 0.03 * specify
LDA,14,5,9,0.07 * route + 0.07 * type + 0.06 * feature + 0.05 * item + 0.03 * search
LDA,14,5,10,0.06 * request + 0.04 * return + 0.03 * use + 0.03 * wish + 0.02 * type
LDA,14,5,11,0.08 * list + 0.05 * order + 0.05 * email + 0.04 * retrieve + 0.04 * return
LDA,14,5,12,0.08 * invoice + 0.06 * access + 0.03 * see + 0.03 * user + 0.03 * note
LDA,14,5,13,0.04 * subscription + 0.04 * create + 0.03 * comment + 0.03 * group + 0.03 * update
LSA,14,5,0,0.43 * account + 0.40 * true + 0.32 * use + 0.26 * value + 0.22 * set
LSA,14,5,1,-0.41 * account + -0.33 * true + 0.23 * field + 0.23 * return + 0.22 * name
LSA,14,5,2,0.61 * value + -0.26 * use + 0.20 * customer + -0.19 * request + 0.18 * false
LSA,14,5,3,0.53 * field + -0.38 * user + -0.25 * return + 0.18 * set + 0.18 * search
LSA,14,5,4,-0.32 * create + 0.26 * return + -0.24 * user + -0.22 * subscription + -0.20 * use
LSA,14,5,5,0.65 * user + -0.29 * file + 0.20 * field + -0.20 * subscription + -0.19 * create
LSA,14,5,6,0.38 * email + -0.32 * filter + 0.30 * file + 0.28 * request + -0.22 * use
LSA,14,5,7,-0.54 * file + 0.34 * email + -0.27 * name + -0.23 * folder + -0.20 * user
LSA,14,5,8,-0.37 * subscription + 0.30 * use + -0.28 * create + 0.27 * file + -0.25 * call
LSA,14,5,9,-0.55 * string + -0.27 * order + 0.25 * value + -0.24 * stre + -0.23 * email
LSA,14,5,10,0.45 * route + -0.29 * use + 0.26 * alternate + 0.22 * group + 0.22 * return
LSA,14,5,11,0.39 * request + -0.34 * email + -0.26 * filter + 0.20 * order + -0.18 * specify
LSA,14,5,12,-0.54 * route + -0.31 * alternate + 0.24 * specify + -0.22 * node + 0.19 * return
LSA,14,5,13,0.37 * order + -0.35 * string + -0.23 * node + -0.22 * team + -0.20 * true
NMF,14,5,0,0.12 * file + 0.04 * folder + 0.03 * request + 0.02 * name + 0.02 * upload
NMF,14,5,1,0.09 * account + 0.05 * true + 0.03 * use + 0.02 * create + 0.02 * envelope
NMF,14,5,2,0.07 * true + 0.07 * account + 0.04 * user + 0.03 * value + 0.03 * envelope
NMF,14,5,3,0.06 * true + 0.05 * account + 0.05 * use + 0.04 * field + 0.04 * set
NMF,14,5,4,0.08 * field + 0.06 * search + 0.05 * name + 0.03 * value + 0.03 * result
NMF,14,5,5,0.07 * return + 0.05 * request + 0.02 * response + 0.02 * set + 0.02 * status
NMF,14,5,6,0.11 * user + 0.02 * must + 0.02 * create + 0.02 * delete + 0.02 * team
NMF,14,5,7,0.11 * key + 0.03 * object + 0.03 * link + 0.02 * user + 0.02 * contain
NMF,14,5,8,0.09 * value + 0.04 * filter + 0.03 * create + 0.03 * customer + 0.02 * update
NMF,14,5,9,0.10 * use + 0.03 * order + 0.02 * create + 0.02 * endpoint + 0.02 * token
NMF,14,5,10,0.10 * node + 0.05 * service + 0.02 * filter + 0.02 * link + 0.02 * delete
NMF,14,5,11,0.09 * specify + 0.04 * group + 0.03 * track + 0.02 * call + 0.02 * information
NMF,14,5,12,0.07 * delete + 0.05 * list + 0.05 * operation + 0.02 * request + 0.02 * document
NMF,14,5,13,0.10 * report + 0.04 * health + 0.03 * service + 0.03 * store + 0.01 * reject
LDA,15,5,0,0.04 * filter + 0.03 * use + 0.03 * value + 0.02 * number + 0.02 * report
LDA,15,5,1,0.05 * field + 0.04 * user + 0.04 * return + 0.03 * string + 0.02 * name
LDA,15,5,2,0.05 * account + 0.04 * schedule + 0.04 * request + 0.02 * set + 0.02 * payment
LDA,15,5,3,0.06 * information + 0.06 * link + 0.05 * user + 0.04 * return + 0.03 * group
LDA,15,5,4,0.03 * address + 0.02 * object + 0.02 * tag + 0.02 * run + 0.02 * pagination
LDA,15,5,5,0.12 * file + 0.05 * object + 0.04 * upload + 0.03 * image + 0.03 * delete
LDA,15,5,6,0.03 * use + 0.03 * team + 0.03 * record + 0.02 * payment + 0.02 * note
LDA,15,5,7,0.04 * registration + 0.03 * specific + 0.03 * return + 0.03 * detail + 0.03 * version
LDA,15,5,8,0.04 * template + 0.04 * customer + 0.04 * retrieve + 0.04 * create + 0.03 * message
LDA,15,5,9,0.12 * type + 0.05 * return + 0.03 * search + 0.03 * response + 0.03 * parameter
LDA,15,5,10,0.07 * request + 0.04 * use + 0.03 * return + 0.03 * wish + 0.02 * post
LDA,15,5,11,0.08 * list + 0.05 * order + 0.04 * return + 0.03 * available + 0.03 * project
LDA,15,5,12,0.12 * email + 0.07 * route + 0.07 * user + 0.06 * access + 0.03 * entity
LDA,15,5,13,0.05 * create + 0.04 * group + 0.03 * update + 0.03 * subscription + 0.03 * new
LDA,15,5,14,0.09 * invoice + 0.05 * key + 0.04 * item + 0.02 * access + 0.02 * permission
LSA,15,5,0,0.43 * account + 0.40 * true + 0.32 * use + 0.26 * value + 0.22 * set
LSA,15,5,1,-0.41 * account + -0.33 * true + 0.23 * field + 0.23 * return + 0.22 * name
LSA,15,5,2,-0.61 * value + 0.26 * use + -0.20 * customer + 0.19 * request + -0.18 * false
LSA,15,5,3,0.53 * field + -0.38 * user + -0.25 * return + 0.18 * set + 0.18 * search
LSA,15,5,4,0.32 * create + -0.26 * return + 0.24 * user + 0.22 * subscription + 0.20 * use
LSA,15,5,5,0.65 * user + -0.29 * file + 0.20 * field + -0.20 * subscription + -0.19 * create
LSA,15,5,6,0.38 * email + -0.32 * filter + 0.30 * file + 0.28 * request + -0.22 * use
LSA,15,5,7,0.54 * file + -0.34 * email + 0.27 * name + 0.23 * folder + 0.20 * user
LSA,15,5,8,-0.37 * subscription + 0.30 * use + -0.28 * create + 0.27 * file + -0.25 * call
LSA,15,5,9,0.54 * string + 0.27 * order + -0.25 * value + 0.24 * stre + 0.23 * email
LSA,15,5,10,0.45 * route + -0.29 * use + 0.26 * alternate + 0.22 * group + 0.22 * return
LSA,15,5,11,0.39 * request + -0.34 * email + -0.26 * filter + 0.20 * order + -0.18 * specify
LSA,15,5,12,0.54 * route + 0.31 * alternate + -0.24 * specify + 0.22 * node + -0.19 * return
LSA,15,5,13,0.37 * order + -0.35 * string + -0.23 * node + -0.22 * team + -0.20 * true
LSA,15,5,14,-0.28 * object + -0.27 * key + 0.23 * order + 0.22 * status + 0.22 * delete
NMF,15,5,0,0.05 * resource + 0.05 * value + 0.05 * delete + 0.04 * operation + 0.02 * filter
NMF,15,5,1,0.11 * health + 0.07 * use + 0.04 * state + 0.03 * collection + 0.03 * service
NMF,15,5,2,0.09 * group + 0.05 * user + 0.05 * list + 0.04 * filter + 0.04 * value
NMF,15,5,3,0.11 * specify + 0.04 * track + 0.02 * string + 0.02 * add + 0.02 * return
NMF,15,5,4,0.07 * report + 0.02 * update + 0.02 * email + 0.02 * store + 0.01 * event
NMF,15,5,5,0.10 * key + 0.03 * object + 0.03 * link + 0.03 * contain + 0.02 * tag
NMF,15,5,6,0.08 * return + 0.07 * information + 0.04 * name + 0.03 * would + 0.03 * node
NMF,15,5,7,0.10 * use + 0.03 * order + 0.02 * must + 0.02 * file + 0.02 * endpoint
NMF,15,5,8,0.08 * value + 0.03 * set + 0.02 * request + 0.02 * file + 0.02 * status
NMF,15,5,9,0.12 * user + 0.03 * email + 0.02 * team + 0.02 * add + 0.01 * remove
NMF,15,5,10,0.09 * request + 0.05 * service + 0.02 * error + 0.02 * return + 0.02 * may
NMF,15,5,11,0.07 * list + 0.05 * information + 0.03 * see + 0.02 * get + 0.02 * health
NMF,15,5,12,0.09 * create + 0.04 * file + 0.04 * update + 0.04 * subscription + 0.03 * service
NMF,15,5,13,0.08 * field + 0.04 * name + 0.04 * search + 0.04 * use + 0.03 * result
NMF,15,5,14,0.09 * account + 0.08 * true + 0.03 * envelope + 0.03 * set + 0.03 * document
LDA,16,5,0,0.04 * wish + 0.04 * filter + 0.03 * may + 0.03 * request + 0.02 * feature
LDA,16,5,1,0.07 * field + 0.04 * string + 0.03 * user + 0.03 * return + 0.02 * object
LDA,16,5,2,0.08 * account + 0.05 * user + 0.03 * schedule + 0.03 * add + 0.02 * address
LDA,16,5,3,0.07 * information + 0.06 * team + 0.05 * user + 0.03 * use + 0.03 * group
LDA,16,5,4,0.03 * request + 0.03 * result + 0.03 * repository + 0.03 * query + 0.03 * parameter
LDA,16,5,5,0.10 * file + 0.08 * route + 0.04 * upload + 0.03 * return + 0.03 * image
LDA,16,5,6,0.05 * access + 0.04 * user + 0.03 * payment + 0.03 * must + 0.03 * permission
LDA,16,5,7,0.05 * specific + 0.04 * specify + 0.04 * detail + 0.03 * return + 0.03 * current
LDA,16,5,8,0.05 * customer + 0.04 * template + 0.04 * rate + 0.04 * create + 0.03 * use
LDA,16,5,9,0.09 * link + 0.06 * type + 0.06 * feature + 0.04 * return + 0.04 * entry
LDA,16,5,10,0.05 * request + 0.05 * use + 0.04 * return + 0.03 * post + 0.03 * create
LDA,16,5,11,0.06 * list + 0.06 * email + 0.05 * order + 0.03 * return + 0.03 * retrieve
LDA,16,5,12,0.16 * invoice + 0.04 * see + 0.03 * client + 0.03 * access + 0.02 * detailed
LDA,16,5,13,0.04 * group + 0.03 * project + 0.03 * create + 0.03 * give + 0.03 * comment
LDA,16,5,14,0.09 * key + 0.04 * error + 0.03 * return + 0.03 * public + 0.02 * description
LDA,16,5,15,0.06 * type + 0.05 * document + 0.04 * return + 0.03 * page + 0.02 * node
LSA,16,5,0,-0.43 * account + -0.40 * true + -0.32 * use + -0.26 * value + -0.22 * set
LSA,16,5,1,0.41 * account + 0.33 * true + -0.23 * field + -0.23 * return + -0.22 * name
LSA,16,5,2,-0.61 * value + 0.26 * use + -0.20 * customer + 0.19 * request + -0.18 * false
LSA,16,5,3,-0.53 * field + 0.38 * user + 0.25 * return + -0.18 * set + -0.18 * search
LSA,16,5,4,-0.32 * create + 0.26 * return + -0.24 * user + -0.22 * subscription + -0.20 * use
LSA,16,5,5,0.65 * user + -0.29 * file + 0.20 * field + -0.20 * subscription + -0.19 * create
LSA,16,5,6,-0.38 * email + 0.32 * filter + -0.30 * file + -0.28 * request + 0.22 * use
LSA,16,5,7,-0.54 * file + 0.34 * email + -0.27 * name + -0.23 * folder + -0.20 * user
LSA,16,5,8,-0.37 * subscription + 0.30 * use + -0.28 * create + 0.27 * file + -0.25 * call
LSA,16,5,9,0.54 * string + 0.27 * order + -0.25 * value + 0.24 * stre + 0.23 * email
LSA,16,5,10,0.45 * route + -0.29 * use + 0.26 * alternate + 0.22 * group + 0.22 * return
LSA,16,5,11,-0.39 * request + 0.34 * email + 0.26 * filter + -0.20 * order + 0.18 * specify
LSA,16,5,12,0.54 * route + 0.31 * alternate + -0.24 * specify + 0.22 * node + -0.19 * return
LSA,16,5,13,0.37 * order + -0.35 * string + -0.23 * node + -0.22 * team + -0.20 * true
LSA,16,5,14,-0.28 * object + -0.27 * key + 0.23 * order + 0.22 * status + 0.22 * delete
LSA,16,5,15,-0.44 * specify + 0.28 * type + -0.25 * team + 0.23 * create + 0.22 * token
NMF,16,5,0,0.06 * call + 0.03 * subscription + 0.03 * version + 0.02 * schedule + 0.02 * get
NMF,16,5,1,0.11 * file + 0.05 * request + 0.04 * folder + 0.02 * response + 0.02 * upload
NMF,16,5,2,0.10 * account + 0.07 * true + 0.04 * envelope + 0.03 * set + 0.03 * use
NMF,16,5,3,0.14 * user + 0.04 * return + 0.03 * information + 0.02 * list + 0.02 * team
NMF,16,5,4,0.09 * create + 0.05 * account + 0.03 * subscription + 0.03 * name + 0.02 * allow
NMF,16,5,5,0.06 * request + 0.04 * delete + 0.02 * status + 0.02 * payment + 0.02 * email
NMF,16,5,6,0.11 * value + 0.04 * true + 0.03 * user + 0.03 * customer + 0.03 * filter
NMF,16,5,7,0.09 * return + 0.03 * filter + 0.03 * health + 0.02 * type + 0.02 * contain
NMF,16,5,8,0.08 * use + 0.03 * account + 0.02 * order + 0.02 * require + 0.02 * operation
NMF,16,5,9,0.15 * group + 0.06 * resource + 0.02 * delete + 0.02 * list + 0.02 * subscription
NMF,16,5,10,0.09 * key + 0.04 * use + 0.03 * object + 0.03 * name + 0.02 * filter
NMF,16,5,11,0.05 * field + 0.05 * report + 0.04 * update + 0.02 * pool + 0.02 * order
NMF,16,5,12,0.11 * node + 0.03 * add + 0.03 * link + 0.02 * delete + 0.02 * remove
NMF,16,5,13,0.10 * specify + 0.03 * track + 0.03 * service + 0.02 * string + 0.01 * pool
NMF,16,5,14,0.09 * service + 0.05 * type + 0.03 * return + 0.03 * list + 0.03 * object
NMF,16,5,15,0.05 * use + 0.05 * field + 0.03 * create + 0.03 * information + 0.03 * parameter
LDA,17,5,0,0.04 * search + 0.04 * filter + 0.04 * use + 0.03 * parameter + 0.02 * result
LDA,17,5,1,0.06 * field + 0.05 * object + 0.03 * user + 0.03 * string + 0.02 * link
LDA,17,5,2,0.08 * account + 0.06 * user + 0.03 * schedule + 0.03 * email + 0.02 * set
LDA,17,5,3,0.09 * user + 0.09 * information + 0.03 * authenticate + 0.03 * use + 0.03 * group
LDA,17,5,4,0.04 * post + 0.04 * repository + 0.03 * request + 0.03 * run + 0.03 * tag
LDA,17,5,5,0.09 * file + 0.04 * image + 0.04 * upload + 0.03 * user + 0.03 * permission
LDA,17,5,6,0.08 * payment + 0.03 * cancel + 0.03 * method + 0.03 * use + 0.02 * plan
LDA,17,5,7,0.06 * specific + 0.05 * detail + 0.05 * status + 0.05 * get + 0.04 * would
LDA,17,5,8,0.05 * rate + 0.04 * create + 0.04 * project + 0.04 * message + 0.04 * parameter
LDA,17,5,9,0.06 * feature + 0.05 * customer + 0.04 * response + 0.04 * type + 0.04 * event
LDA,17,5,10,0.08 * request + 0.04 * wish + 0.03 * return + 0.03 * use + 0.03 * type
LDA,17,5,11,0.08 * list + 0.08 * return + 0.07 * order + 0.04 * date + 0.03 * retrieve
LDA,17,5,12,0.09 * invoice + 0.08 * email + 0.06 * access + 0.04 * see + 0.04 * note
LDA,17,5,13,0.06 * group + 0.04 * create + 0.04 * subscription + 0.04 * update + 0.03 * give
LDA,17,5,14,0.07 * key + 0.04 * error + 0.04 * contain + 0.03 * return + 0.03 * public
LDA,17,5,15,0.05 * type + 0.05 * document + 0.05 * template + 0.04 * entity + 0.03 * comment
LDA,17,5,16,0.10 * route + 0.08 * item + 0.06 * usage + 0.04 * team + 0.03 * period
LSA,17,5,0,-0.43 * account + -0.40 * true + -0.32 * use + -0.26 * value + -0.22 * set
LSA,17,5,1,0.41 * account + 0.33 * true + -0.23 * field + -0.23 * return + -0.22 * name
LSA,17,5,2,-0.61 * value + 0.26 * use + -0.20 * customer + 0.19 * request + -0.18 * false
LSA,17,5,3,-0.53 * field + 0.38 * user + 0.25 * return + -0.18 * set + -0.18 * search
LSA,17,5,4,0.32 * create + -0.26 * return + 0.24 * user + 0.22 * subscription + 0.20 * use
LSA,17,5,5,-0.65 * user + 0.29 * file + -0.20 * field + 0.20 * subscription + 0.19 * create
LSA,17,5,6,0.38 * email + -0.32 * filter + 0.30 * file + 0.28 * request + -0.22 * use
LSA,17,5,7,0.54 * file + -0.34 * email + 0.27 * name + 0.23 * folder + 0.20 * user
LSA,17,5,8,-0.37 * subscription + 0.30 * use + -0.28 * create + 0.27 * file + -0.25 * call
LSA,17,5,9,-0.55 * string + -0.27 * order + 0.25 * value + -0.24 * stre + -0.23 * email
LSA,17,5,10,0.45 * route + -0.29 * use + 0.26 * alternate + 0.22 * group + 0.22 * return
LSA,17,5,11,0.39 * request + -0.34 * email + -0.26 * filter + 0.20 * order + -0.18 * specify
LSA,17,5,12,-0.54 * route + -0.31 * alternate + 0.24 * specify + -0.22 * node + 0.19 * return
LSA,17,5,13,-0.37 * order + 0.35 * string + 0.23 * node + 0.22 * team + 0.20 * true
LSA,17,5,14,-0.28 * object + -0.28 * key + 0.23 * order + 0.22 * status + 0.22 * delete
LSA,17,5,15,-0.44 * specify + 0.28 * type + -0.25 * team + 0.23 * create + 0.22 * token
LSA,17,5,16,0.43 * group + -0.27 * specify + 0.26 * team + 0.23 * object + 0.22 * post
NMF,17,5,0,0.15 * service + 0.03 * create + 0.03 * delete + 0.03 * application + 0.02 * fabric
NMF,17,5,1,0.07 * field + 0.05 * create + 0.03 * image + 0.03 * set + 0.03 * name
NMF,17,5,2,0.08 * name + 0.06 * group + 0.06 * value + 0.04 * filter + 0.04 * string
NMF,17,5,3,0.06 * user + 0.04 * pool + 0.03 * request + 0.03 * group + 0.02 * task
NMF,17,5,4,0.13 * use + 0.03 * order + 0.02 * information + 0.02 * optional + 0.02 * account
NMF,17,5,5,0.07 * key + 0.04 * specify + 0.03 * operation + 0.03 * version + 0.03 * object
NMF,17,5,6,0.08 * account + 0.06 * user + 0.06 * true + 0.04 * envelope + 0.03 * document
NMF,17,5,7,0.07 * node + 0.04 * delete + 0.03 * request + 0.02 * add + 0.02 * exist
NMF,17,5,8,0.13 * file + 0.05 * folder + 0.04 * name + 0.02 * cluster + 0.02 * entity
NMF,17,5,9,0.09 * value + 0.03 * node + 0.03 * file + 0.02 * customer + 0.02 * false
NMF,17,5,10,0.06 * health + 0.05 * filter + 0.05 * specify + 0.05 * get + 0.04 * search
NMF,17,5,11,0.12 * account + 0.03 * report + 0.03 * true + 0.02 * update + 0.02 * give
NMF,17,5,12,0.09 * true + 0.04 * account + 0.03 * set + 0.03 * value + 0.03 * email
NMF,17,5,13,0.04 * parameter + 0.03 * application + 0.03 * type + 0.02 * status + 0.02 * result
NMF,17,5,14,0.10 * user + 0.03 * key + 0.03 * access + 0.02 * team + 0.02 * remove
NMF,17,5,15,0.10 * return + 0.05 * request + 0.03 * information + 0.03 * contain + 0.02 * error
NMF,17,5,16,0.06 * search + 0.05 * field + 0.05 * list + 0.04 * result + 0.04 * key
LDA,18,5,0,0.04 * wish + 0.04 * filter + 0.03 * value + 0.03 * number + 0.03 * use
LDA,18,5,1,0.06 * object + 0.05 * field + 0.04 * return + 0.03 * link + 0.03 * string
LDA,18,5,2,0.07 * account + 0.05 * add + 0.05 * user + 0.04 * schedule + 0.03 * title
LDA,18,5,3,0.07 * information + 0.06 * user + 0.04 * use + 0.04 * token + 0.03 * group
LDA,18,5,4,0.03 * repository + 0.03 * run + 0.03 * result + 0.03 * search + 0.02 * use
LDA,18,5,5,0.10 * file + 0.04 * show + 0.03 * image + 0.03 * upload + 0.03 * request
LDA,18,5,6,0.08 * payment + 0.05 * request + 0.04 * record + 0.03 * account + 0.02 * field
LDA,18,5,7,0.05 * detail + 0.04 * get + 0.04 * registration + 0.03 * line + 0.03 * plan
LDA,18,5,8,0.04 * create + 0.04 * template + 0.04 * customer + 0.03 * rate + 0.03 * use
LDA,18,5,9,0.10 * type + 0.05 * search + 0.04 * return + 0.03 * response + 0.03 * pay
LDA,18,5,10,0.05 * use + 0.04 * return + 0.04 * request + 0.02 * would + 0.02 * contain
LDA,18,5,11,0.07 * list + 0.06 * order + 0.04 * feature + 0.04 * return + 0.03 * available
LDA,18,5,12,0.10 * invoice + 0.09 * access + 0.08 * user + 0.05 * email + 0.05 * must
LDA,18,5,13,0.05 * subscription + 0.05 * create + 0.04 * group + 0.03 * recipient + 0.03 * update
LDA,18,5,14,0.08 * key + 0.04 * contact + 0.03 * public + 0.03 * return + 0.02 * request
LDA,18,5,15,0.05 * document + 0.04 * type + 0.04 * page + 0.03 * return + 0.03 * content
LDA,18,5,16,0.13 * route + 0.10 * item + 0.08 * team + 0.06 * usage + 0.03 * list
LDA,18,5,17,0.12 * email + 0.06 * address + 0.04 * setting + 0.03 * send + 0.03 * cancel
LSA,18,5,0,0.43 * account + 0.40 * true + 0.32 * use + 0.26 * value + 0.22 * set
LSA,18,5,1,-0.41 * account + -0.33 * true + 0.23 * field + 0.23 * return + 0.22 * name
LSA,18,5,2,0.61 * value + -0.26 * use + 0.20 * customer + -0.19 * request + 0.18 * false
LSA,18,5,3,-0.53 * field + 0.38 * user + 0.25 * return + -0.18 * set + -0.18 * search
LSA,18,5,4,-0.32 * create + 0.26 * return + -0.24 * user + -0.22 * subscription + -0.20 * use
LSA,18,5,5,-0.65 * user + 0.29 * file + -0.20 * field + 0.20 * subscription + 0.19 * create
LSA,18,5,6,0.38 * email + -0.32 * filter + 0.30 * file + 0.28 * request + -0.22 * use
LSA,18,5,7,0.54 * file + -0.34 * email + 0.27 * name + 0.23 * folder + 0.20 * user
LSA,18,5,8,-0.37 * subscription + 0.30 * use + -0.28 * create + 0.27 * file + -0.25 * call
LSA,18,5,9,0.55 * string + 0.27 * order + -0.25 * value + 0.24 * stre + 0.23 * email
LSA,18,5,10,-0.45 * route + 0.29 * use + -0.26 * alternate + -0.22 * group + -0.22 * return
LSA,18,5,11,-0.39 * request + 0.34 * email + 0.26 * filter + -0.20 * order + 0.18 * specify
LSA,18,5,12,0.54 * route + 0.31 * alternate + -0.24 * specify + 0.22 * node + -0.19 * return
LSA,18,5,13,-0.37 * order + 0.35 * string + 0.23 * node + 0.22 * team + 0.20 * true
LSA,18,5,14,-0.28 * object + -0.28 * key + 0.23 * order + 0.22 * status + 0.22 * delete
LSA,18,5,15,0.44 * specify + -0.28 * type + 0.25 * team + -0.23 * create + -0.22 * token
LSA,18,5,16,-0.43 * group + 0.27 * specify + -0.26 * team + -0.23 * object + -0.22 * post
LSA,18,5,17,-0.45 * service + -0.24 * object + -0.20 * delete + 0.18 * list + -0.18 * key
NMF,18,5,0,0.16 * node + 0.03 * link + 0.03 * add + 0.02 * file + 0.02 * contain
NMF,18,5,1,0.09 * filter + 0.05 * list + 0.03 * information + 0.03 * user + 0.02 * get
NMF,18,5,2,0.10 * specify + 0.03 * track + 0.02 * create + 0.02 * certificate + 0.02 * parameter
NMF,18,5,3,0.10 * return + 0.05 * request + 0.03 * contain + 0.03 * response + 0.02 * error
NMF,18,5,4,0.12 * value + 0.06 * name + 0.03 * filter + 0.03 * customer + 0.03 * string
NMF,18,5,5,0.12 * create + 0.04 * user + 0.03 * use + 0.03 * subscription + 0.02 * call
NMF,18,5,6,0.07 * search + 0.07 * field + 0.04 * result + 0.03 * parameter + 0.03 * set
NMF,18,5,7,0.13 * delete + 0.06 * operation + 0.03 * pool + 0.02 * specify + 0.02 * permission
NMF,18,5,8,0.09 * user + 0.09 * file + 0.04 * group + 0.03 * folder + 0.02 * name
NMF,18,5,9,0.08 * type + 0.04 * group + 0.04 * resource + 0.04 * list + 0.03 * available
NMF,18,5,10,0.06 * service + 0.04 * request + 0.04 * application + 0.03 * task + 0.03 * use
NMF,18,5,11,0.07 * use + 0.05 * update + 0.03 * order + 0.02 * optional + 0.02 * exist
NMF,18,5,12,0.05 * information + 0.04 * email + 0.03 * service + 0.03 * property + 0.03 * include
NMF,18,5,13,0.12 * key + 0.04 * use + 0.04 * object + 0.03 * link + 0.03 * contain
NMF,18,5,14,0.06 * key + 0.06 * operation + 0.06 * report + 0.05 * health + 0.03 * store
NMF,18,5,15,0.09 * true + 0.06 * value + 0.04 * email + 0.04 * set + 0.03 * user
NMF,18,5,16,0.10 * account + 0.06 * true + 0.05 * use + 0.04 * envelope + 0.03 * set
NMF,18,5,17,0.04 * version + 0.04 * call + 0.03 * email + 0.02 * request + 0.02 * schedule
LDA,19,5,0,0.03 * report + 0.03 * true + 0.03 * use + 0.02 * number + 0.02 * value
LDA,19,5,1,0.06 * field + 0.04 * user + 0.03 * repository + 0.03 * token + 0.03 * return
LDA,19,5,2,0.08 * account + 0.06 * user + 0.04 * schedule + 0.04 * create + 0.03 * add
LDA,19,5,3,0.07 * information + 0.06 * user + 0.04 * team + 0.03 * group + 0.03 * return
LDA,19,5,4,0.05 * request + 0.03 * run + 0.02 * title + 0.02 * address + 0.02 * use
LDA,19,5,5,0.10 * file + 0.04 * upload + 0.04 * contact + 0.03 * cancel + 0.02 * return
LDA,19,5,6,0.07 * payment + 0.05 * string + 0.03 * use + 0.03 * field + 0.03 * method
LDA,19,5,7,0.08 * detail + 0.05 * status + 0.04 * specific + 0.04 * get + 0.04 * line
LDA,19,5,8,0.05 * customer + 0.04 * template + 0.04 * rate + 0.03 * message + 0.03 * send
LDA,19,5,9,0.08 * search + 0.07 * type + 0.04 * return + 0.04 * result + 0.04 * see
LDA,19,5,10,0.08 * request + 0.04 * use + 0.03 * wish + 0.03 * return + 0.03 * call
LDA,19,5,11,0.07 * list + 0.06 * return + 0.06 * order + 0.04 * date + 0.03 * filter
LDA,19,5,12,0.07 * email + 0.07 * invoice + 0.06 * access + 0.05 * user + 0.05 * note
LDA,19,5,13,0.06 * subscription + 0.05 * would + 0.03 * create + 0.03 * give + 0.03 * update
LDA,19,5,14,0.08 * key + 0.05 * public + 0.03 * description + 0.03 * stream + 0.03 * operation
LDA,19,5,15,0.05 * type + 0.05 * document + 0.04 * delete + 0.03 * return + 0.03 * page
LDA,19,5,16,0.14 * route + 0.12 * item + 0.07 * show + 0.05 * member + 0.04 * null
LDA,19,5,17,0.08 * usage + 0.07 * group + 0.06 * name + 0.05 * character + 0.05 * create
LDA,19,5,18,0.12 * object + 0.06 * feature + 0.06 * link + 0.05 * contain + 0.03 * comment
LSA,19,5,0,0.43 * account + 0.40 * true + 0.32 * use + 0.26 * value + 0.22 * set
LSA,19,5,1,0.41 * account + 0.33 * true + -0.23 * field + -0.23 * return + -0.22 * name
LSA,19,5,2,-0.61 * value + 0.26 * use + -0.20 * customer + 0.19 * request + -0.18 * false
LSA,19,5,3,0.53 * field + -0.38 * user + -0.25 * return + 0.18 * set + 0.18 * search
LSA,19,5,4,-0.32 * create + 0.26 * return + -0.24 * user + -0.22 * subscription + -0.20 * use
LSA,19,5,5,0.65 * user + -0.29 * file + 0.20 * field + -0.20 * subscription + -0.19 * create
LSA,19,5,6,-0.38 * email + 0.32 * filter + -0.30 * file + -0.28 * request + 0.22 * use
LSA,19,5,7,0.54 * file + -0.34 * email + 0.27 * name + 0.23 * folder + 0.20 * user
LSA,19,5,8,0.37 * subscription + -0.30 * use + 0.28 * create + -0.27 * file + 0.25 * call
LSA,19,5,9,0.55 * string + 0.27 * order + -0.25 * value + 0.24 * stre + 0.23 * email
LSA,19,5,10,0.45 * route + -0.29 * use + 0.26 * alternate + 0.22 * group + 0.22 * return
LSA,19,5,11,0.39 * request + -0.34 * email + -0.26 * filter + 0.20 * order + -0.18 * specify
LSA,19,5,12,0.54 * route + 0.31 * alternate + -0.24 * specify + 0.22 * node + -0.19 * return
LSA,19,5,13,0.37 * order + -0.35 * string + -0.23 * node + -0.22 * team + -0.20 * true
LSA,19,5,14,0.28 * object + 0.28 * key + -0.23 * order + -0.22 * status + -0.22 * delete
LSA,19,5,15,-0.44 * specify + 0.28 * type + -0.25 * team + 0.23 * create + 0.22 * token
LSA,19,5,16,-0.43 * group + 0.28 * specify + -0.26 * team + -0.23 * object + -0.22 * post
LSA,19,5,17,-0.45 * service + -0.25 * object + -0.20 * delete + 0.18 * list + -0.18 * key
LSA,19,5,18,-0.44 * group + -0.36 * create + 0.25 * team + 0.25 * information + -0.19 * use
NMF,19,5,0,0.05 * field + 0.05 * would + 0.05 * name + 0.03 * type + 0.03 * return
NMF,19,5,1,0.14 * account + 0.07 * true + 0.04 * user + 0.02 * access + 0.02 * envelope
NMF,19,5,2,0.07 * request + 0.03 * create + 0.03 * update + 0.02 * file + 0.02 * use
NMF,19,5,3,0.04 * team + 0.03 * new + 0.02 * add + 0.02 * code + 0.01 * repository
NMF,19,5,4,0.09 * delete + 0.05 * pool + 0.03 * schedule + 0.03 * remove + 0.03 * resource
NMF,19,5,5,0.15 * user + 0.07 * name + 0.03 * node + 0.02 * permission + 0.02 * must
NMF,19,5,6,0.06 * search + 0.05 * field + 0.05 * value + 0.05 * file + 0.03 * name
NMF,19,5,7,0.09 * email + 0.04 * field + 0.04 * set + 0.03 * send + 0.03 * include
NMF,19,5,8,0.05 * group + 0.04 * filter + 0.03 * file + 0.03 * name + 0.03 * get
NMF,19,5,9,0.09 * use + 0.07 * list + 0.02 * return + 0.02 * endpoint + 0.02 * field
NMF,19,5,10,0.11 * key + 0.05 * use + 0.04 * group + 0.03 * object + 0.02 * link
NMF,19,5,11,0.11 * create + 0.05 * type + 0.04 * delete + 0.03 * application + 0.02 * subscription
NMF,19,5,12,0.10 * value + 0.05 * user + 0.03 * customer + 0.03 * false + 0.03 * filter
NMF,19,5,13,0.05 * event + 0.04 * filter + 0.03 * service + 0.03 * resource + 0.03 * update
NMF,19,5,14,0.12 * health + 0.07 * report + 0.06 * service + 0.04 * application + 0.03 * store
NMF,19,5,15,0.08 * true + 0.06 * account + 0.05 * use + 0.04 * set + 0.04 * envelope
NMF,19,5,16,0.09 * specify + 0.04 * use + 0.03 * call + 0.03 * track + 0.02 * subscription
NMF,19,5,17,0.10 * return + 0.05 * node + 0.03 * contain + 0.03 * request + 0.02 * error
NMF,19,5,18,0.09 * service + 0.05 * task + 0.03 * operation + 0.02 * specify + 0.02 * job
LDA,20,5,0,0.07 * wish + 0.04 * report + 0.03 * number + 0.03 * use + 0.02 * specify
LDA,20,5,1,0.07 * field + 0.04 * string + 0.03 * object + 0.03 * value + 0.02 * return
LDA,20,5,2,0.05 * email + 0.05 * address + 0.04 * account + 0.04 * schedule + 0.03 * request
LDA,20,5,3,0.06 * filter + 0.05 * information + 0.05 * user + 0.04 * return + 0.03 * use
LDA,20,5,4,0.05 * repository + 0.04 * run + 0.03 * title + 0.03 * pagination + 0.03 * stop
LDA,20,5,5,0.11 * file + 0.04 * upload + 0.03 * return + 0.03 * map + 0.02 * preview
LDA,20,5,6,0.07 * search + 0.05 * payment + 0.05 * use + 0.04 * token + 0.03 * method
LDA,20,5,7,0.08 * feature + 0.06 * detail + 0.06 * get + 0.04 * current + 0.03 * version
LDA,20,5,8,0.07 * account + 0.06 * team + 0.05 * retrieve + 0.05 * create + 0.05 * project
LDA,20,5,9,0.06 * template + 0.06 * return + 0.04 * status + 0.03 * response + 0.03 * document
LDA,20,5,10,0.07 * request + 0.04 * use + 0.04 * return + 0.03 * post + 0.02 * rate
LDA,20,5,11,0.06 * order + 0.04 * list + 0.03 * update + 0.03 * return + 0.03 * bus
LDA,20,5,12,0.11 * user + 0.07 * access + 0.07 * email + 0.04 * usage + 0.04 * must
LDA,20,5,13,0.12 * route + 0.05 * group + 0.05 * subscription + 0.03 * url + 0.03 * list
LDA,20,5,14,0.13 * invoice + 0.05 * key + 0.04 * description + 0.03 * information + 0.03 * request
LDA,20,5,15,0.14 * type + 0.07 * delete + 0.05 * node + 0.04 * entry + 0.02 * license
LDA,20,5,16,0.05 * item + 0.04 * return + 0.04 * specific + 0.03 * parameter + 0.03 * part
LDA,20,5,17,0.08 * parameter + 0.06 * query + 0.06 * show + 0.06 * set + 0.05 * result
LDA,20,5,18,0.06 * link + 0.04 * key + 0.04 * contact + 0.03 * list + 0.03 * comment
LDA,20,5,19,0.05 * record + 0.04 * create + 0.03 * endpoint + 0.03 * use + 0.03 * call
LSA,20,5,0,0.43 * account + 0.40 * true + 0.32 * use + 0.26 * value + 0.22 * set
LSA,20,5,1,0.41 * account + 0.33 * true + -0.23 * field + -0.23 * return + -0.22 * name
LSA,20,5,2,-0.61 * value + 0.26 * use + -0.20 * customer + 0.19 * request + -0.18 * false
LSA,20,5,3,-0.53 * field + 0.38 * user + 0.25 * return + -0.18 * set + -0.18 * search
LSA,20,5,4,-0.32 * create + 0.26 * return + -0.24 * user + -0.22 * subscription + -0.20 * use
LSA,20,5,5,-0.65 * user + 0.29 * file + -0.20 * field + 0.20 * subscription + 0.19 * create
LSA,20,5,6,0.38 * email + -0.32 * filter + 0.30 * file + 0.28 * request + -0.22 * use
LSA,20,5,7,0.54 * file + -0.34 * email + 0.27 * name + 0.23 * folder + 0.20 * user
LSA,20,5,8,0.37 * subscription + -0.30 * use + 0.28 * create + -0.27 * file + 0.25 * call
LSA,20,5,9,0.55 * string + 0.27 * order + -0.25 * value + 0.24 * stre + 0.23 * email
LSA,20,5,10,-0.45 * route + 0.29 * use + -0.26 * alternate + -0.22 * group + -0.22 * return
LSA,20,5,11,-0.39 * request + 0.34 * email + 0.26 * filter + -0.20 * order + 0.18 * specify
LSA,20,5,12,0.54 * route + 0.31 * alternate + -0.24 * specify + 0.22 * node + -0.19 * return
LSA,20,5,13,0.37 * order + -0.35 * string + -0.23 * node + -0.22 * team + -0.20 * true
LSA,20,5,14,-0.28 * object + -0.27 * key + 0.23 * order + 0.22 * status + 0.22 * delete
LSA,20,5,15,0.44 * specify + -0.28 * type + 0.25 * team + -0.23 * create + -0.22 * token
LSA,20,5,16,0.43 * group + -0.27 * specify + 0.26 * team + 0.23 * object + 0.22 * post
LSA,20,5,17,0.45 * service + 0.25 * object + 0.20 * delete + -0.18 * list + 0.18 * key
LSA,20,5,18,0.44 * group + 0.36 * create + -0.25 * information + -0.24 * team + 0.19 * use
LSA,20,5,19,-0.41 * group + -0.34 * information + -0.22 * name + 0.21 * status + 0.21 * object
NMF,20,5,0,0.07 * return + 0.06 * list + 0.04 * version + 0.03 * specify + 0.02 * contain
NMF,20,5,1,0.05 * value + 0.04 * email + 0.03 * false + 0.03 * server + 0.03 * customer
NMF,20,5,2,0.09 * node + 0.06 * service + 0.04 * resource + 0.03 * subscription + 0.02 * would
NMF,20,5,3,0.04 * update + 0.04 * file + 0.03 * use + 0.03 * request + 0.02 * add
NMF,20,5,4,0.10 * name + 0.10 * file + 0.05 * folder + 0.04 * key + 0.02 * contain
NMF,20,5,5,0.19 * user + 0.02 * node + 0.02 * access + 0.02 * permission + 0.02 * information
NMF,20,5,6,0.15 * group + 0.04 * filter + 0.02 * user + 0.02 * list + 0.02 * container
NMF,20,5,7,0.14 * delete + 0.04 * operation + 0.03 * application + 0.02 * must + 0.02 * require
NMF,20,5,8,0.11 * field + 0.04 * search + 0.03 * set + 0.03 * result + 0.02 * use
NMF,20,5,9,0.08 * true + 0.05 * set + 0.03 * envelope + 0.03 * send + 0.03 * document
NMF,20,5,10,0.07 * use + 0.05 * health + 0.05 * specify + 0.03 * state + 0.03 * application
NMF,20,5,11,0.07 * key + 0.06 * use + 0.03 * object + 0.02 * link + 0.02 * operation
NMF,20,5,12,0.08 * information + 0.06 * request + 0.03 * would + 0.03 * return + 0.02 * retrieve
NMF,20,5,13,0.09 * report + 0.07 * service + 0.03 * update + 0.03 * store + 0.03 * may
NMF,20,5,14,0.12 * value + 0.05 * filter + 0.03 * name + 0.03 * string + 0.02 * list
NMF,20,5,15,0.15 * account + 0.06 * true + 0.03 * signature + 0.03 * would + 0.02 * envelope
NMF,20,5,16,0.09 * account + 0.09 * use + 0.05 * true + 0.03 * document + 0.03 * envelope
NMF,20,5,17,0.12 * create + 0.04 * subscription + 0.04 * call + 0.02 * status + 0.02 * specify
NMF,20,5,18,0.10 * job + 0.09 * task + 0.04 * state + 0.03 * batch + 0.02 * delete
NMF,20,5,19,0.07 * return + 0.04 * request + 0.03 * type + 0.03 * parameter + 0.03 * file
